2026-08-22T21:13:07.410+03:00  INFO 583402 --- [premisave-messenger-service] [main] p.m.PremisaveMessengerServiceApplication : Starting PremisaveMessengerServiceApplication v1.0.0 using Java 21.0.11 with PID 583402 (/home/graham218/MyProjects/premisave/premisave-messenger-service/target/classes started by graham218 in /home/graham218/MyProjects/premisave/premisave-messenger-service)
2026-08-22T21:13:07.416+03:00 DEBUG 583402 --- [premisave-messenger-service] [main] p.m.PremisaveMessengerServiceApplication : Running with Spring Boot v4.0.1, Spring v7.0.2
2026-08-22T21:13:07.417+03:00  INFO 583402 --- [premisave-messenger-service] [main] p.m.PremisaveMessengerServiceApplication : No active profile set, falling back to 1 default profile: "default"
2026-08-22T21:13:08.503+03:00  INFO 583402 --- [premisave-messenger-service] [main] .s.d.r.c.RepositoryConfigurationDelegate : Multiple Spring Data modules found, entering strict repository configuration mode
2026-08-22T21:13:08.507+03:00  INFO 583402 --- [premisave-messenger-service] [main] .s.d.r.c.RepositoryConfigurationDelegate : Bootstrapping Spring Data MongoDB repositories in DEFAULT mode.
2026-08-22T21:13:08.658+03:00  INFO 583402 --- [premisave-messenger-service] [main] .s.d.r.c.RepositoryConfigurationDelegate : Finished Spring Data repository scanning in 143 ms. Found 6 MongoDB repository interfaces.
2026-08-22T21:13:08.706+03:00  INFO 583402 --- [premisave-messenger-service] [main] .s.d.r.c.RepositoryConfigurationDelegate : Multiple Spring Data modules found, entering strict repository configuration mode
2026-08-22T21:13:08.708+03:00  INFO 583402 --- [premisave-messenger-service] [main] .s.d.r.c.RepositoryConfigurationDelegate : Bootstrapping Spring Data Redis repositories in DEFAULT mode.
2026-08-22T21:13:08.728+03:00  INFO 583402 --- [premisave-messenger-service] [main] .RepositoryConfigurationExtensionSupport : Spring Data Redis - Could not safely identify store assignment for repository candidate interface com.premisave.messenger.repository.ChatRepository; If you want this repository to be a Redis repository, consider annotating your entities with one of these annotations: org.springframework.data.redis.core.RedisHash (preferred), or consider extending one of the following types with your repository: org.springframework.data.keyvalue.repository.KeyValueRepository
2026-08-22T21:13:08.728+03:00  INFO 583402 --- [premisave-messenger-service] [main] .RepositoryConfigurationExtensionSupport : Spring Data Redis - Could not safely identify store assignment for repository candidate interface com.premisave.messenger.repository.GroupMemberRepository; If you want this repository to be a Redis repository, consider annotating your entities with one of these annotations: org.springframework.data.redis.core.RedisHash (preferred), or consider extending one of the following types with your repository: org.springframework.data.keyvalue.repository.KeyValueRepository
2026-08-22T21:13:08.728+03:00  INFO 583402 --- [premisave-messenger-service] [main] .RepositoryConfigurationExtensionSupport : Spring Data Redis - Could not safely identify store assignment for repository candidate interface com.premisave.messenger.repository.GroupRepository; If you want this repository to be a Redis repository, consider annotating your entities with one of these annotations: org.springframework.data.redis.core.RedisHash (preferred), or consider extending one of the following types with your repository: org.springframework.data.keyvalue.repository.KeyValueRepository
2026-08-22T21:13:08.728+03:00  INFO 583402 --- [premisave-messenger-service] [main] .RepositoryConfigurationExtensionSupport : Spring Data Redis - Could not safely identify store assignment for repository candidate interface com.premisave.messenger.repository.MessageReactionRepository; If you want this repository to be a Redis repository, consider annotating your entities with one of these annotations: org.springframework.data.redis.core.RedisHash (preferred), or consider extending one of the following types with your repository: org.springframework.data.keyvalue.repository.KeyValueRepository
2026-08-22T21:13:08.730+03:00  INFO 583402 --- [premisave-messenger-service] [main] .RepositoryConfigurationExtensionSupport : Spring Data Redis - Could not safely identify store assignment for repository candidate interface com.premisave.messenger.repository.MessageRepository; If you want this repository to be a Redis repository, consider annotating your entities with one of these annotations: org.springframework.data.redis.core.RedisHash (preferred), or consider extending one of the following types with your repository: org.springframework.data.keyvalue.repository.KeyValueRepository
2026-08-22T21:13:08.731+03:00  INFO 583402 --- [premisave-messenger-service] [main] .RepositoryConfigurationExtensionSupport : Spring Data Redis - Could not safely identify store assignment for repository candidate interface com.premisave.messenger.repository.UserPresenceRepository; If you want this repository to be a Redis repository, consider annotating your entities with one of these annotations: org.springframework.data.redis.core.RedisHash (preferred), or consider extending one of the following types with your repository: org.springframework.data.keyvalue.repository.KeyValueRepository
2026-08-22T21:13:08.731+03:00  INFO 583402 --- [premisave-messenger-service] [main] .s.d.r.c.RepositoryConfigurationDelegate : Finished Spring Data repository scanning in 8 ms. Found 0 Redis repository interfaces.
2026-08-22T21:13:09.215+03:00  INFO 583402 --- [premisave-messenger-service] [main] o.s.cloud.context.scope.GenericScope     : BeanFactory id=1eb2664b-f3de-35ce-a5a4-0ead4a8f592b
2026-08-22T21:13:09.879+03:00  INFO 583402 --- [premisave-messenger-service] [main] o.s.boot.tomcat.TomcatWebServer          : Tomcat initialized with port 8081 (http)
2026-08-22T21:13:09.900+03:00  INFO 583402 --- [premisave-messenger-service] [main] o.apache.catalina.core.StandardService   : Starting service [Tomcat]
2026-08-22T21:13:09.901+03:00  INFO 583402 --- [premisave-messenger-service] [main] o.apache.catalina.core.StandardEngine    : Starting Servlet engine: [Apache Tomcat/11.0.15]
2026-08-22T21:13:09.959+03:00  INFO 583402 --- [premisave-messenger-service] [main] b.w.c.s.WebApplicationContextInitializer : Root WebApplicationContext: initialization completed in 2462 ms
2026-08-22T21:13:10.221+03:00 DEBUG 583402 --- [premisave-messenger-service] [main] c.p.m.security.JwtAuthenticationFilter   : Filter 'jwtAuthenticationFilter' configured for use
2026-08-22T21:13:10.242+03:00  WARN 583402 --- [premisave-messenger-service] [main] ConfigServletWebServerApplicationContext : Exception encountered during context initialization - cancelling refresh attempt: org.springframework.beans.factory.BeanCreationException: Error creating bean with name 'messengerMetrics' defined in file [/home/graham218/MyProjects/premisave/premisave-messenger-service/target/classes/com/premisave/messenger/config/MessengerMetrics.class]: Failed to instantiate [com.premisave.messenger.config.MessengerMetrics]: No default constructor found
2026-08-22T21:13:10.245+03:00  INFO 583402 --- [premisave-messenger-service] [main] o.apache.catalina.core.StandardService   : Stopping service [Tomcat]
2026-08-22T21:13:10.257+03:00  INFO 583402 --- [premisave-messenger-service] [main] .s.b.a.l.ConditionEvaluationReportLogger : 

Error starting ApplicationContext. To display the condition evaluation report re-run your application with 'debug' enabled.
2026-08-22T21:13:10.268+03:00 ERROR 583402 --- [premisave-messenger-service] [main] o.s.boot.SpringApplication               : Application run failed

org.springframework.beans.factory.BeanCreationException: Error creating bean with name 'messengerMetrics' defined in file [/home/graham218/MyProjects/premisave/premisave-messenger-service/target/classes/com/premisave/messenger/config/MessengerMetrics.class]: Failed to instantiate [com.premisave.messenger.config.MessengerMetrics]: No default constructor found
	at org.springframework.beans.factory.support.AbstractAutowireCapableBeanFactory.instantiateBean(AbstractAutowireCapableBeanFactory.java:1344) ~[spring-beans-7.0.2.jar:7.0.2]
	at org.springframework.beans.factory.support.AbstractAutowireCapableBeanFactory.createBeanInstance(AbstractAutowireCapableBeanFactory.java:1231) ~[spring-beans-7.0.2.jar:7.0.2]
	at org.springframework.beans.factory.support.AbstractAutowireCapableBeanFactory.doCreateBean(AbstractAutowireCapableBeanFactory.java:565) ~[spring-beans-7.0.2.jar:7.0.2]
	at org.springframework.beans.factory.support.AbstractAutowireCapableBeanFactory.createBean(AbstractAutowireCapableBeanFactory.java:525) ~[spring-beans-7.0.2.jar:7.0.2]
	at org.springframework.beans.factory.support.AbstractBeanFactory.lambda$doGetBean$0(AbstractBeanFactory.java:333) ~[spring-beans-7.0.2.jar:7.0.2]
	at org.springframework.beans.factory.support.DefaultSingletonBeanRegistry.getSingleton(DefaultSingletonBeanRegistry.java:371) ~[spring-beans-7.0.2.jar:7.0.2]
	at org.springframework.beans.factory.support.AbstractBeanFactory.doGetBean(AbstractBeanFactory.java:331) ~[spring-beans-7.0.2.jar:7.0.2]
	at org.springframework.beans.factory.support.AbstractBeanFactory.getBean(AbstractBeanFactory.java:196) ~[spring-beans-7.0.2.jar:7.0.2]
	at org.springframework.beans.factory.support.DefaultListableBeanFactory.instantiateSingleton(DefaultListableBeanFactory.java:1218) ~[spring-beans-7.0.2.jar:7.0.2]
	at org.springframework.beans.factory.support.DefaultListableBeanFactory.preInstantiateSingleton(DefaultListableBeanFactory.java:1184) ~[spring-beans-7.0.2.jar:7.0.2]
	at org.springframework.beans.factory.support.DefaultListableBeanFactory.preInstantiateSingletons(DefaultListableBeanFactory.java:1121) ~[spring-beans-7.0.2.jar:7.0.2]
	at org.springframework.context.support.AbstractApplicationContext.finishBeanFactoryInitialization(AbstractApplicationContext.java:993) ~[spring-context-7.0.2.jar:7.0.2]
	at org.springframework.context.support.AbstractApplicationContext.refresh(AbstractApplicationContext.java:620) ~[spring-context-7.0.2.jar:7.0.2]
	at org.springframework.boot.web.server.servlet.context.ServletWebServerApplicationContext.refresh(ServletWebServerApplicationContext.java:143) ~[spring-boot-web-server-4.0.1.jar:4.0.1]
	at org.springframework.boot.SpringApplication.refresh(SpringApplication.java:756) ~[spring-boot-4.0.1.jar:4.0.1]
	at org.springframework.boot.SpringApplication.refreshContext(SpringApplication.java:445) ~[spring-boot-4.0.1.jar:4.0.1]
	at org.springframework.boot.SpringApplication.run(SpringApplication.java:321) ~[spring-boot-4.0.1.jar:4.0.1]
	at org.springframework.boot.SpringApplication.run(SpringApplication.java:1365) ~[spring-boot-4.0.1.jar:4.0.1]
	at org.springframework.boot.SpringApplication.run(SpringApplication.java:1354) ~[spring-boot-4.0.1.jar:4.0.1]
	at com.premisave.messenger.PremisaveMessengerServiceApplication.main(PremisaveMessengerServiceApplication.java:23) ~[classes/:na]
Caused by: org.springframework.beans.BeanInstantiationException: Failed to instantiate [com.premisave.messenger.config.MessengerMetrics]: No default constructor found
	at org.springframework.beans.factory.support.SimpleInstantiationStrategy.instantiate(SimpleInstantiationStrategy.java:102) ~[spring-beans-7.0.2.jar:7.0.2]
	at org.springframework.beans.factory.support.AbstractAutowireCapableBeanFactory.instantiateBean(AbstractAutowireCapableBeanFactory.java:1338) ~[spring-beans-7.0.2.jar:7.0.2]
	... 19 common frames omitted
Caused by: java.lang.NoSuchMethodException: com.premisave.messenger.config.MessengerMetrics.<init>()
	at java.base/java.lang.Class.getConstructor0(Class.java:3763) ~[na:na]
	at java.base/java.lang.Class.getDeclaredConstructor(Class.java:2932) ~[na:na]
	at org.springframework.beans.factory.support.SimpleInstantiationStrategy.instantiate(SimpleInstantiationStrategy.java:98) ~[spring-beans-7.0.2.jar:7.0.2]
	... 20 common frames omitted

2026-08-22T21:19:33.608+03:00  INFO 594081 --- [premisave-messenger-service] [main] p.m.PremisaveMessengerServiceApplication : Starting PremisaveMessengerServiceApplication v1.0.0 using Java 21.0.11 with PID 594081 (/home/graham218/MyProjects/premisave/premisave-messenger-service/target/classes started by graham218 in /home/graham218/MyProjects/premisave/premisave-messenger-service)
2026-08-22T21:19:33.610+03:00 DEBUG 594081 --- [premisave-messenger-service] [main] p.m.PremisaveMessengerServiceApplication : Running with Spring Boot v4.0.1, Spring v7.0.2
2026-08-22T21:19:33.611+03:00  INFO 594081 --- [premisave-messenger-service] [main] p.m.PremisaveMessengerServiceApplication : No active profile set, falling back to 1 default profile: "default"
2026-08-22T21:19:34.570+03:00  INFO 594081 --- [premisave-messenger-service] [main] .s.d.r.c.RepositoryConfigurationDelegate : Multiple Spring Data modules found, entering strict repository configuration mode
2026-08-22T21:19:34.571+03:00  INFO 594081 --- [premisave-messenger-service] [main] .s.d.r.c.RepositoryConfigurationDelegate : Bootstrapping Spring Data MongoDB repositories in DEFAULT mode.
2026-08-22T21:19:34.714+03:00  INFO 594081 --- [premisave-messenger-service] [main] .s.d.r.c.RepositoryConfigurationDelegate : Finished Spring Data repository scanning in 133 ms. Found 6 MongoDB repository interfaces.
2026-08-22T21:19:34.762+03:00  INFO 594081 --- [premisave-messenger-service] [main] .s.d.r.c.RepositoryConfigurationDelegate : Multiple Spring Data modules found, entering strict repository configuration mode
2026-08-22T21:19:34.763+03:00  INFO 594081 --- [premisave-messenger-service] [main] .s.d.r.c.RepositoryConfigurationDelegate : Bootstrapping Spring Data Redis repositories in DEFAULT mode.
2026-08-22T21:19:34.778+03:00  INFO 594081 --- [premisave-messenger-service] [main] .RepositoryConfigurationExtensionSupport : Spring Data Redis - Could not safely identify store assignment for repository candidate interface com.premisave.messenger.repository.ChatRepository; If you want this repository to be a Redis repository, consider annotating your entities with one of these annotations: org.springframework.data.redis.core.RedisHash (preferred), or consider extending one of the following types with your repository: org.springframework.data.keyvalue.repository.KeyValueRepository
2026-08-22T21:19:34.779+03:00  INFO 594081 --- [premisave-messenger-service] [main] .RepositoryConfigurationExtensionSupport : Spring Data Redis - Could not safely identify store assignment for repository candidate interface com.premisave.messenger.repository.GroupMemberRepository; If you want this repository to be a Redis repository, consider annotating your entities with one of these annotations: org.springframework.data.redis.core.RedisHash (preferred), or consider extending one of the following types with your repository: org.springframework.data.keyvalue.repository.KeyValueRepository
2026-08-22T21:19:34.779+03:00  INFO 594081 --- [premisave-messenger-service] [main] .RepositoryConfigurationExtensionSupport : Spring Data Redis - Could not safely identify store assignment for repository candidate interface com.premisave.messenger.repository.GroupRepository; If you want this repository to be a Redis repository, consider annotating your entities with one of these annotations: org.springframework.data.redis.core.RedisHash (preferred), or consider extending one of the following types with your repository: org.springframework.data.keyvalue.repository.KeyValueRepository
2026-08-22T21:19:34.780+03:00  INFO 594081 --- [premisave-messenger-service] [main] .RepositoryConfigurationExtensionSupport : Spring Data Redis - Could not safely identify store assignment for repository candidate interface com.premisave.messenger.repository.MessageReactionRepository; If you want this repository to be a Redis repository, consider annotating your entities with one of these annotations: org.springframework.data.redis.core.RedisHash (preferred), or consider extending one of the following types with your repository: org.springframework.data.keyvalue.repository.KeyValueRepository
2026-08-22T21:19:34.788+03:00  INFO 594081 --- [premisave-messenger-service] [main] .RepositoryConfigurationExtensionSupport : Spring Data Redis - Could not safely identify store assignment for repository candidate interface com.premisave.messenger.repository.MessageRepository; If you want this repository to be a Redis repository, consider annotating your entities with one of these annotations: org.springframework.data.redis.core.RedisHash (preferred), or consider extending one of the following types with your repository: org.springframework.data.keyvalue.repository.KeyValueRepository
2026-08-22T21:19:34.793+03:00  INFO 594081 --- [premisave-messenger-service] [main] .RepositoryConfigurationExtensionSupport : Spring Data Redis - Could not safely identify store assignment for repository candidate interface com.premisave.messenger.repository.UserPresenceRepository; If you want this repository to be a Redis repository, consider annotating your entities with one of these annotations: org.springframework.data.redis.core.RedisHash (preferred), or consider extending one of the following types with your repository: org.springframework.data.keyvalue.repository.KeyValueRepository
2026-08-22T21:19:34.801+03:00  INFO 594081 --- [premisave-messenger-service] [main] .s.d.r.c.RepositoryConfigurationDelegate : Finished Spring Data repository scanning in 22 ms. Found 0 Redis repository interfaces.
2026-08-22T21:19:35.237+03:00  INFO 594081 --- [premisave-messenger-service] [main] o.s.cloud.context.scope.GenericScope     : BeanFactory id=1eb2664b-f3de-35ce-a5a4-0ead4a8f592b
2026-08-22T21:19:35.558+03:00  INFO 594081 --- [premisave-messenger-service] [main] o.s.boot.tomcat.TomcatWebServer          : Tomcat initialized with port 8081 (http)
2026-08-22T21:19:35.574+03:00  INFO 594081 --- [premisave-messenger-service] [main] o.apache.catalina.core.StandardService   : Starting service [Tomcat]
2026-08-22T21:19:35.574+03:00  INFO 594081 --- [premisave-messenger-service] [main] o.apache.catalina.core.StandardEngine    : Starting Servlet engine: [Apache Tomcat/11.0.15]
2026-08-22T21:19:35.623+03:00  INFO 594081 --- [premisave-messenger-service] [main] b.w.c.s.WebApplicationContextInitializer : Root WebApplicationContext: initialization completed in 1965 ms
2026-08-22T21:19:35.874+03:00 DEBUG 594081 --- [premisave-messenger-service] [main] c.p.m.security.JwtAuthenticationFilter   : Filter 'jwtAuthenticationFilter' configured for use
2026-08-22T21:19:35.933+03:00  INFO 594081 --- [premisave-messenger-service] [main] c.p.messenger.config.MessengerMetrics    : MessengerMetrics initialized successfully
2026-08-22T21:19:35.936+03:00  WARN 594081 --- [premisave-messenger-service] [main] ConfigServletWebServerApplicationContext : Exception encountered during context initialization - cancelling refresh attempt: org.springframework.beans.factory.BeanCreationException: Error creating bean with name 'mongoConfig': Injection of autowired dependencies failed
2026-08-22T21:19:35.940+03:00  INFO 594081 --- [premisave-messenger-service] [main] o.apache.catalina.core.StandardService   : Stopping service [Tomcat]
2026-08-22T21:19:35.954+03:00  INFO 594081 --- [premisave-messenger-service] [main] .s.b.a.l.ConditionEvaluationReportLogger : 

Error starting ApplicationContext. To display the condition evaluation report re-run your application with 'debug' enabled.
2026-08-22T21:19:35.968+03:00 ERROR 594081 --- [premisave-messenger-service] [main] o.s.boot.SpringApplication               : Application run failed

org.springframework.beans.factory.BeanCreationException: Error creating bean with name 'mongoConfig': Injection of autowired dependencies failed
	at org.springframework.beans.factory.annotation.AutowiredAnnotationBeanPostProcessor.postProcessProperties(AutowiredAnnotationBeanPostProcessor.java:498) ~[spring-beans-7.0.2.jar:7.0.2]
	at org.springframework.beans.factory.support.AbstractAutowireCapableBeanFactory.populateBean(AbstractAutowireCapableBeanFactory.java:1446) ~[spring-beans-7.0.2.jar:7.0.2]
	at org.springframework.beans.factory.support.AbstractAutowireCapableBeanFactory.doCreateBean(AbstractAutowireCapableBeanFactory.java:602) ~[spring-beans-7.0.2.jar:7.0.2]
	at org.springframework.beans.factory.support.AbstractAutowireCapableBeanFactory.createBean(AbstractAutowireCapableBeanFactory.java:525) ~[spring-beans-7.0.2.jar:7.0.2]
	at org.springframework.beans.factory.support.AbstractBeanFactory.lambda$doGetBean$0(AbstractBeanFactory.java:333) ~[spring-beans-7.0.2.jar:7.0.2]
	at org.springframework.beans.factory.support.DefaultSingletonBeanRegistry.getSingleton(DefaultSingletonBeanRegistry.java:371) ~[spring-beans-7.0.2.jar:7.0.2]
	at org.springframework.beans.factory.support.AbstractBeanFactory.doGetBean(AbstractBeanFactory.java:331) ~[spring-beans-7.0.2.jar:7.0.2]
	at org.springframework.beans.factory.support.AbstractBeanFactory.getBean(AbstractBeanFactory.java:196) ~[spring-beans-7.0.2.jar:7.0.2]
	at org.springframework.beans.factory.support.DefaultListableBeanFactory.instantiateSingleton(DefaultListableBeanFactory.java:1218) ~[spring-beans-7.0.2.jar:7.0.2]
	at org.springframework.beans.factory.support.DefaultListableBeanFactory.preInstantiateSingleton(DefaultListableBeanFactory.java:1184) ~[spring-beans-7.0.2.jar:7.0.2]
	at org.springframework.beans.factory.support.DefaultListableBeanFactory.preInstantiateSingletons(DefaultListableBeanFactory.java:1121) ~[spring-beans-7.0.2.jar:7.0.2]
	at org.springframework.context.support.AbstractApplicationContext.finishBeanFactoryInitialization(AbstractApplicationContext.java:993) ~[spring-context-7.0.2.jar:7.0.2]
	at org.springframework.context.support.AbstractApplicationContext.refresh(AbstractApplicationContext.java:620) ~[spring-context-7.0.2.jar:7.0.2]
	at org.springframework.boot.web.server.servlet.context.ServletWebServerApplicationContext.refresh(ServletWebServerApplicationContext.java:143) ~[spring-boot-web-server-4.0.1.jar:4.0.1]
	at org.springframework.boot.SpringApplication.refresh(SpringApplication.java:756) ~[spring-boot-4.0.1.jar:4.0.1]
	at org.springframework.boot.SpringApplication.refreshContext(SpringApplication.java:445) ~[spring-boot-4.0.1.jar:4.0.1]
	at org.springframework.boot.SpringApplication.run(SpringApplication.java:321) ~[spring-boot-4.0.1.jar:4.0.1]
	at org.springframework.boot.SpringApplication.run(SpringApplication.java:1365) ~[spring-boot-4.0.1.jar:4.0.1]
	at org.springframework.boot.SpringApplication.run(SpringApplication.java:1354) ~[spring-boot-4.0.1.jar:4.0.1]
	at com.premisave.messenger.PremisaveMessengerServiceApplication.main(PremisaveMessengerServiceApplication.java:23) ~[classes/:na]
Caused by: org.springframework.util.PlaceholderResolutionException: Could not resolve placeholder 'spring.mongodb.uri' in value "${spring.mongodb.uri}"
	at org.springframework.util.PlaceholderResolutionException.withValue(PlaceholderResolutionException.java:81) ~[spring-core-7.0.2.jar:7.0.2]
	at org.springframework.util.PlaceholderParser$ParsedValue.resolve(PlaceholderParser.java:296) ~[spring-core-7.0.2.jar:7.0.2]
	at org.springframework.util.PlaceholderParser.replacePlaceholders(PlaceholderParser.java:129) ~[spring-core-7.0.2.jar:7.0.2]
	at org.springframework.util.PropertyPlaceholderHelper.replacePlaceholders(PropertyPlaceholderHelper.java:96) ~[spring-core-7.0.2.jar:7.0.2]
	at org.springframework.core.env.AbstractPropertyResolver.doResolvePlaceholders(AbstractPropertyResolver.java:286) ~[spring-core-7.0.2.jar:7.0.2]
	at org.springframework.core.env.AbstractPropertyResolver.resolveRequiredPlaceholders(AbstractPropertyResolver.java:257) ~[spring-core-7.0.2.jar:7.0.2]
	at org.springframework.context.support.PropertySourcesPlaceholderConfigurer.lambda$processProperties$0(PropertySourcesPlaceholderConfigurer.java:184) ~[spring-context-7.0.2.jar:7.0.2]
	at org.springframework.beans.factory.support.AbstractBeanFactory.resolveEmbeddedValue(AbstractBeanFactory.java:959) ~[spring-beans-7.0.2.jar:7.0.2]
	at org.springframework.beans.factory.support.DefaultListableBeanFactory.doResolveDependency(DefaultListableBeanFactory.java:1672) ~[spring-beans-7.0.2.jar:7.0.2]
	at org.springframework.beans.factory.support.DefaultListableBeanFactory.resolveDependency(DefaultListableBeanFactory.java:1651) ~[spring-beans-7.0.2.jar:7.0.2]
	at org.springframework.beans.factory.annotation.AutowiredAnnotationBeanPostProcessor$AutowiredFieldElement.resolveFieldValue(AutowiredAnnotationBeanPostProcessor.java:763) ~[spring-beans-7.0.2.jar:7.0.2]
	at org.springframework.beans.factory.annotation.AutowiredAnnotationBeanPostProcessor$AutowiredFieldElement.inject(AutowiredAnnotationBeanPostProcessor.java:747) ~[spring-beans-7.0.2.jar:7.0.2]
	at org.springframework.beans.factory.annotation.InjectionMetadata.inject(InjectionMetadata.java:146) ~[spring-beans-7.0.2.jar:7.0.2]
	at org.springframework.beans.factory.annotation.AutowiredAnnotationBeanPostProcessor.postProcessProperties(AutowiredAnnotationBeanPostProcessor.java:492) ~[spring-beans-7.0.2.jar:7.0.2]
	... 19 common frames omitted

2026-08-22T21:20:46.474+03:00  INFO 596293 --- [premisave-messenger-service] [main] p.m.PremisaveMessengerServiceApplication : Starting PremisaveMessengerServiceApplication v1.0.0 using Java 21.0.11 with PID 596293 (/home/graham218/MyProjects/premisave/premisave-messenger-service/target/classes started by graham218 in /home/graham218/MyProjects/premisave/premisave-messenger-service)
2026-08-22T21:20:46.476+03:00 DEBUG 596293 --- [premisave-messenger-service] [main] p.m.PremisaveMessengerServiceApplication : Running with Spring Boot v4.0.1, Spring v7.0.2
2026-08-22T21:20:46.477+03:00  INFO 596293 --- [premisave-messenger-service] [main] p.m.PremisaveMessengerServiceApplication : No active profile set, falling back to 1 default profile: "default"
2026-08-22T21:20:47.320+03:00  INFO 596293 --- [premisave-messenger-service] [main] .s.d.r.c.RepositoryConfigurationDelegate : Multiple Spring Data modules found, entering strict repository configuration mode
2026-08-22T21:20:47.321+03:00  INFO 596293 --- [premisave-messenger-service] [main] .s.d.r.c.RepositoryConfigurationDelegate : Bootstrapping Spring Data MongoDB repositories in DEFAULT mode.
2026-08-22T21:20:47.429+03:00  INFO 596293 --- [premisave-messenger-service] [main] .s.d.r.c.RepositoryConfigurationDelegate : Finished Spring Data repository scanning in 101 ms. Found 6 MongoDB repository interfaces.
2026-08-22T21:20:47.463+03:00  INFO 596293 --- [premisave-messenger-service] [main] .s.d.r.c.RepositoryConfigurationDelegate : Multiple Spring Data modules found, entering strict repository configuration mode
2026-08-22T21:20:47.464+03:00  INFO 596293 --- [premisave-messenger-service] [main] .s.d.r.c.RepositoryConfigurationDelegate : Bootstrapping Spring Data Redis repositories in DEFAULT mode.
2026-08-22T21:20:47.478+03:00  INFO 596293 --- [premisave-messenger-service] [main] .RepositoryConfigurationExtensionSupport : Spring Data Redis - Could not safely identify store assignment for repository candidate interface com.premisave.messenger.repository.ChatRepository; If you want this repository to be a Redis repository, consider annotating your entities with one of these annotations: org.springframework.data.redis.core.RedisHash (preferred), or consider extending one of the following types with your repository: org.springframework.data.keyvalue.repository.KeyValueRepository
2026-08-22T21:20:47.478+03:00  INFO 596293 --- [premisave-messenger-service] [main] .RepositoryConfigurationExtensionSupport : Spring Data Redis - Could not safely identify store assignment for repository candidate interface com.premisave.messenger.repository.GroupMemberRepository; If you want this repository to be a Redis repository, consider annotating your entities with one of these annotations: org.springframework.data.redis.core.RedisHash (preferred), or consider extending one of the following types with your repository: org.springframework.data.keyvalue.repository.KeyValueRepository
2026-08-22T21:20:47.479+03:00  INFO 596293 --- [premisave-messenger-service] [main] .RepositoryConfigurationExtensionSupport : Spring Data Redis - Could not safely identify store assignment for repository candidate interface com.premisave.messenger.repository.GroupRepository; If you want this repository to be a Redis repository, consider annotating your entities with one of these annotations: org.springframework.data.redis.core.RedisHash (preferred), or consider extending one of the following types with your repository: org.springframework.data.keyvalue.repository.KeyValueRepository
2026-08-22T21:20:47.479+03:00  INFO 596293 --- [premisave-messenger-service] [main] .RepositoryConfigurationExtensionSupport : Spring Data Redis - Could not safely identify store assignment for repository candidate interface com.premisave.messenger.repository.MessageReactionRepository; If you want this repository to be a Redis repository, consider annotating your entities with one of these annotations: org.springframework.data.redis.core.RedisHash (preferred), or consider extending one of the following types with your repository: org.springframework.data.keyvalue.repository.KeyValueRepository
2026-08-22T21:20:47.480+03:00  INFO 596293 --- [premisave-messenger-service] [main] .RepositoryConfigurationExtensionSupport : Spring Data Redis - Could not safely identify store assignment for repository candidate interface com.premisave.messenger.repository.MessageRepository; If you want this repository to be a Redis repository, consider annotating your entities with one of these annotations: org.springframework.data.redis.core.RedisHash (preferred), or consider extending one of the following types with your repository: org.springframework.data.keyvalue.repository.KeyValueRepository
2026-08-22T21:20:47.481+03:00  INFO 596293 --- [premisave-messenger-service] [main] .RepositoryConfigurationExtensionSupport : Spring Data Redis - Could not safely identify store assignment for repository candidate interface com.premisave.messenger.repository.UserPresenceRepository; If you want this repository to be a Redis repository, consider annotating your entities with one of these annotations: org.springframework.data.redis.core.RedisHash (preferred), or consider extending one of the following types with your repository: org.springframework.data.keyvalue.repository.KeyValueRepository
2026-08-22T21:20:47.483+03:00  INFO 596293 --- [premisave-messenger-service] [main] .s.d.r.c.RepositoryConfigurationDelegate : Finished Spring Data repository scanning in 8 ms. Found 0 Redis repository interfaces.
2026-08-22T21:20:47.810+03:00  INFO 596293 --- [premisave-messenger-service] [main] o.s.cloud.context.scope.GenericScope     : BeanFactory id=1eb2664b-f3de-35ce-a5a4-0ead4a8f592b
2026-08-22T21:20:48.110+03:00  INFO 596293 --- [premisave-messenger-service] [main] o.s.boot.tomcat.TomcatWebServer          : Tomcat initialized with port 8081 (http)
2026-08-22T21:20:48.122+03:00  INFO 596293 --- [premisave-messenger-service] [main] o.apache.catalina.core.StandardService   : Starting service [Tomcat]
2026-08-22T21:20:48.123+03:00  INFO 596293 --- [premisave-messenger-service] [main] o.apache.catalina.core.StandardEngine    : Starting Servlet engine: [Apache Tomcat/11.0.15]
2026-08-22T21:20:48.161+03:00  INFO 596293 --- [premisave-messenger-service] [main] b.w.c.s.WebApplicationContextInitializer : Root WebApplicationContext: initialization completed in 1646 ms
2026-08-22T21:20:48.332+03:00 DEBUG 596293 --- [premisave-messenger-service] [main] c.p.m.security.JwtAuthenticationFilter   : Filter 'jwtAuthenticationFilter' configured for use
2026-08-22T21:20:48.377+03:00  INFO 596293 --- [premisave-messenger-service] [main] c.p.messenger.config.MessengerMetrics    : MessengerMetrics initialized successfully
2026-08-22T21:20:48.395+03:00  WARN 596293 --- [premisave-messenger-service] [main] ConfigServletWebServerApplicationContext : Exception encountered during context initialization - cancelling refresh attempt: org.springframework.beans.factory.UnsatisfiedDependencyException: Error creating bean with name 'chatController' defined in file [/home/graham218/MyProjects/premisave/premisave-messenger-service/target/classes/com/premisave/messenger/controller/ChatController.class]: Unsatisfied dependency expressed through constructor parameter 0: Error creating bean with name 'chatService' defined in file [/home/graham218/MyProjects/premisave/premisave-messenger-service/target/classes/com/premisave/messenger/service/ChatService.class]: Unsatisfied dependency expressed through constructor parameter 0: Error creating bean with name 'chatRepository' defined in com.premisave.messenger.repository.ChatRepository defined in @EnableMongoRepositories declared on DataMongoRepositoriesRegistrar.EnableMongoRepositoriesConfiguration: Cannot resolve reference to bean 'mongoTemplate' while setting bean property 'mongoOperations'
2026-08-22T21:20:48.398+03:00  INFO 596293 --- [premisave-messenger-service] [main] o.apache.catalina.core.StandardService   : Stopping service [Tomcat]
2026-08-22T21:20:48.410+03:00  INFO 596293 --- [premisave-messenger-service] [main] .s.b.a.l.ConditionEvaluationReportLogger : 

Error starting ApplicationContext. To display the condition evaluation report re-run your application with 'debug' enabled.
2026-08-22T21:20:48.424+03:00 ERROR 596293 --- [premisave-messenger-service] [main] o.s.b.d.LoggingFailureAnalysisReporter   : 

***************************
APPLICATION FAILED TO START
***************************

Description:

Parameter 0 of method mongoDatabaseFactory in com.premisave.messenger.config.MongoConfig required a bean of type 'com.mongodb.client.MongoClient' that could not be found.


Action:

Consider defining a bean of type 'com.mongodb.client.MongoClient' in your configuration.

2026-08-22T21:21:02.645+03:00  INFO 596654 --- [premisave-messenger-service] [main] p.m.PremisaveMessengerServiceApplication : Starting PremisaveMessengerServiceApplication v1.0.0 using Java 21.0.11 with PID 596654 (/home/graham218/MyProjects/premisave/premisave-messenger-service/target/classes started by graham218 in /home/graham218/MyProjects/premisave/premisave-messenger-service)
2026-08-22T21:21:02.647+03:00 DEBUG 596654 --- [premisave-messenger-service] [main] p.m.PremisaveMessengerServiceApplication : Running with Spring Boot v4.0.1, Spring v7.0.2
2026-08-22T21:21:02.649+03:00  INFO 596654 --- [premisave-messenger-service] [main] p.m.PremisaveMessengerServiceApplication : No active profile set, falling back to 1 default profile: "default"
2026-08-22T21:21:03.503+03:00  INFO 596654 --- [premisave-messenger-service] [main] .s.d.r.c.RepositoryConfigurationDelegate : Multiple Spring Data modules found, entering strict repository configuration mode
2026-08-22T21:21:03.505+03:00  INFO 596654 --- [premisave-messenger-service] [main] .s.d.r.c.RepositoryConfigurationDelegate : Bootstrapping Spring Data MongoDB repositories in DEFAULT mode.
2026-08-22T21:21:03.628+03:00  INFO 596654 --- [premisave-messenger-service] [main] .s.d.r.c.RepositoryConfigurationDelegate : Finished Spring Data repository scanning in 117 ms. Found 6 MongoDB repository interfaces.
2026-08-22T21:21:03.668+03:00  INFO 596654 --- [premisave-messenger-service] [main] .s.d.r.c.RepositoryConfigurationDelegate : Multiple Spring Data modules found, entering strict repository configuration mode
2026-08-22T21:21:03.669+03:00  INFO 596654 --- [premisave-messenger-service] [main] .s.d.r.c.RepositoryConfigurationDelegate : Bootstrapping Spring Data Redis repositories in DEFAULT mode.
2026-08-22T21:21:03.683+03:00  INFO 596654 --- [premisave-messenger-service] [main] .RepositoryConfigurationExtensionSupport : Spring Data Redis - Could not safely identify store assignment for repository candidate interface com.premisave.messenger.repository.ChatRepository; If you want this repository to be a Redis repository, consider annotating your entities with one of these annotations: org.springframework.data.redis.core.RedisHash (preferred), or consider extending one of the following types with your repository: org.springframework.data.keyvalue.repository.KeyValueRepository
2026-08-22T21:21:03.684+03:00  INFO 596654 --- [premisave-messenger-service] [main] .RepositoryConfigurationExtensionSupport : Spring Data Redis - Could not safely identify store assignment for repository candidate interface com.premisave.messenger.repository.GroupMemberRepository; If you want this repository to be a Redis repository, consider annotating your entities with one of these annotations: org.springframework.data.redis.core.RedisHash (preferred), or consider extending one of the following types with your repository: org.springframework.data.keyvalue.repository.KeyValueRepository
2026-08-22T21:21:03.685+03:00  INFO 596654 --- [premisave-messenger-service] [main] .RepositoryConfigurationExtensionSupport : Spring Data Redis - Could not safely identify store assignment for repository candidate interface com.premisave.messenger.repository.GroupRepository; If you want this repository to be a Redis repository, consider annotating your entities with one of these annotations: org.springframework.data.redis.core.RedisHash (preferred), or consider extending one of the following types with your repository: org.springframework.data.keyvalue.repository.KeyValueRepository
2026-08-22T21:21:03.685+03:00  INFO 596654 --- [premisave-messenger-service] [main] .RepositoryConfigurationExtensionSupport : Spring Data Redis - Could not safely identify store assignment for repository candidate interface com.premisave.messenger.repository.MessageReactionRepository; If you want this repository to be a Redis repository, consider annotating your entities with one of these annotations: org.springframework.data.redis.core.RedisHash (preferred), or consider extending one of the following types with your repository: org.springframework.data.keyvalue.repository.KeyValueRepository
2026-08-22T21:21:03.687+03:00  INFO 596654 --- [premisave-messenger-service] [main] .RepositoryConfigurationExtensionSupport : Spring Data Redis - Could not safely identify store assignment for repository candidate interface com.premisave.messenger.repository.MessageRepository; If you want this repository to be a Redis repository, consider annotating your entities with one of these annotations: org.springframework.data.redis.core.RedisHash (preferred), or consider extending one of the following types with your repository: org.springframework.data.keyvalue.repository.KeyValueRepository
2026-08-22T21:21:03.687+03:00  INFO 596654 --- [premisave-messenger-service] [main] .RepositoryConfigurationExtensionSupport : Spring Data Redis - Could not safely identify store assignment for repository candidate interface com.premisave.messenger.repository.UserPresenceRepository; If you want this repository to be a Redis repository, consider annotating your entities with one of these annotations: org.springframework.data.redis.core.RedisHash (preferred), or consider extending one of the following types with your repository: org.springframework.data.keyvalue.repository.KeyValueRepository
2026-08-22T21:21:03.687+03:00  INFO 596654 --- [premisave-messenger-service] [main] .s.d.r.c.RepositoryConfigurationDelegate : Finished Spring Data repository scanning in 9 ms. Found 0 Redis repository interfaces.
2026-08-22T21:21:04.046+03:00  INFO 596654 --- [premisave-messenger-service] [main] o.s.cloud.context.scope.GenericScope     : BeanFactory id=1eb2664b-f3de-35ce-a5a4-0ead4a8f592b
2026-08-22T21:21:04.357+03:00  INFO 596654 --- [premisave-messenger-service] [main] o.s.boot.tomcat.TomcatWebServer          : Tomcat initialized with port 8081 (http)
2026-08-22T21:21:04.367+03:00  INFO 596654 --- [premisave-messenger-service] [main] o.apache.catalina.core.StandardService   : Starting service [Tomcat]
2026-08-22T21:21:04.367+03:00  INFO 596654 --- [premisave-messenger-service] [main] o.apache.catalina.core.StandardEngine    : Starting Servlet engine: [Apache Tomcat/11.0.15]
2026-08-22T21:21:04.403+03:00  INFO 596654 --- [premisave-messenger-service] [main] b.w.c.s.WebApplicationContextInitializer : Root WebApplicationContext: initialization completed in 1705 ms
2026-08-22T21:21:04.610+03:00 DEBUG 596654 --- [premisave-messenger-service] [main] c.p.m.security.JwtAuthenticationFilter   : Filter 'jwtAuthenticationFilter' configured for use
2026-08-22T21:21:04.660+03:00  INFO 596654 --- [premisave-messenger-service] [main] c.p.messenger.config.MessengerMetrics    : MessengerMetrics initialized successfully
2026-08-22T21:21:04.684+03:00  WARN 596654 --- [premisave-messenger-service] [main] ConfigServletWebServerApplicationContext : Exception encountered during context initialization - cancelling refresh attempt: org.springframework.beans.factory.UnsatisfiedDependencyException: Error creating bean with name 'chatController' defined in file [/home/graham218/MyProjects/premisave/premisave-messenger-service/target/classes/com/premisave/messenger/controller/ChatController.class]: Unsatisfied dependency expressed through constructor parameter 0: Error creating bean with name 'chatService' defined in file [/home/graham218/MyProjects/premisave/premisave-messenger-service/target/classes/com/premisave/messenger/service/ChatService.class]: Unsatisfied dependency expressed through constructor parameter 0: Error creating bean with name 'chatRepository' defined in com.premisave.messenger.repository.ChatRepository defined in @EnableMongoRepositories declared on DataMongoRepositoriesRegistrar.EnableMongoRepositoriesConfiguration: Cannot resolve reference to bean 'mongoTemplate' while setting bean property 'mongoOperations'
2026-08-22T21:21:04.687+03:00  INFO 596654 --- [premisave-messenger-service] [main] o.apache.catalina.core.StandardService   : Stopping service [Tomcat]
2026-08-22T21:21:04.700+03:00  INFO 596654 --- [premisave-messenger-service] [main] .s.b.a.l.ConditionEvaluationReportLogger : 

Error starting ApplicationContext. To display the condition evaluation report re-run your application with 'debug' enabled.
2026-08-22T21:21:04.718+03:00 ERROR 596654 --- [premisave-messenger-service] [main] o.s.b.d.LoggingFailureAnalysisReporter   : 

***************************
APPLICATION FAILED TO START
***************************

Description:

Parameter 0 of method mongoDatabaseFactory in com.premisave.messenger.config.MongoConfig required a bean of type 'com.mongodb.client.MongoClient' that could not be found.


Action:

Consider defining a bean of type 'com.mongodb.client.MongoClient' in your configuration.

2026-08-22T21:21:48.174+03:00  INFO 597903 --- [premisave-messenger-service] [main] p.m.PremisaveMessengerServiceApplication : Starting PremisaveMessengerServiceApplication v1.0.0 using Java 21.0.11 with PID 597903 (/home/graham218/MyProjects/premisave/premisave-messenger-service/target/classes started by graham218 in /home/graham218/MyProjects/premisave/premisave-messenger-service)
2026-08-22T21:21:48.176+03:00 DEBUG 597903 --- [premisave-messenger-service] [main] p.m.PremisaveMessengerServiceApplication : Running with Spring Boot v4.0.1, Spring v7.0.2
2026-08-22T21:21:48.176+03:00  INFO 597903 --- [premisave-messenger-service] [main] p.m.PremisaveMessengerServiceApplication : No active profile set, falling back to 1 default profile: "default"
2026-08-22T21:21:49.024+03:00  INFO 597903 --- [premisave-messenger-service] [main] .s.d.r.c.RepositoryConfigurationDelegate : Multiple Spring Data modules found, entering strict repository configuration mode
2026-08-22T21:21:49.025+03:00  INFO 597903 --- [premisave-messenger-service] [main] .s.d.r.c.RepositoryConfigurationDelegate : Bootstrapping Spring Data MongoDB repositories in DEFAULT mode.
2026-08-22T21:21:49.145+03:00  INFO 597903 --- [premisave-messenger-service] [main] .s.d.r.c.RepositoryConfigurationDelegate : Finished Spring Data repository scanning in 114 ms. Found 6 MongoDB repository interfaces.
2026-08-22T21:21:49.180+03:00  INFO 597903 --- [premisave-messenger-service] [main] .s.d.r.c.RepositoryConfigurationDelegate : Multiple Spring Data modules found, entering strict repository configuration mode
2026-08-22T21:21:49.182+03:00  INFO 597903 --- [premisave-messenger-service] [main] .s.d.r.c.RepositoryConfigurationDelegate : Bootstrapping Spring Data Redis repositories in DEFAULT mode.
2026-08-22T21:21:49.195+03:00  INFO 597903 --- [premisave-messenger-service] [main] .RepositoryConfigurationExtensionSupport : Spring Data Redis - Could not safely identify store assignment for repository candidate interface com.premisave.messenger.repository.ChatRepository; If you want this repository to be a Redis repository, consider annotating your entities with one of these annotations: org.springframework.data.redis.core.RedisHash (preferred), or consider extending one of the following types with your repository: org.springframework.data.keyvalue.repository.KeyValueRepository
2026-08-22T21:21:49.196+03:00  INFO 597903 --- [premisave-messenger-service] [main] .RepositoryConfigurationExtensionSupport : Spring Data Redis - Could not safely identify store assignment for repository candidate interface com.premisave.messenger.repository.GroupMemberRepository; If you want this repository to be a Redis repository, consider annotating your entities with one of these annotations: org.springframework.data.redis.core.RedisHash (preferred), or consider extending one of the following types with your repository: org.springframework.data.keyvalue.repository.KeyValueRepository
2026-08-22T21:21:49.196+03:00  INFO 597903 --- [premisave-messenger-service] [main] .RepositoryConfigurationExtensionSupport : Spring Data Redis - Could not safely identify store assignment for repository candidate interface com.premisave.messenger.repository.GroupRepository; If you want this repository to be a Redis repository, consider annotating your entities with one of these annotations: org.springframework.data.redis.core.RedisHash (preferred), or consider extending one of the following types with your repository: org.springframework.data.keyvalue.repository.KeyValueRepository
2026-08-22T21:21:49.196+03:00  INFO 597903 --- [premisave-messenger-service] [main] .RepositoryConfigurationExtensionSupport : Spring Data Redis - Could not safely identify store assignment for repository candidate interface com.premisave.messenger.repository.MessageReactionRepository; If you want this repository to be a Redis repository, consider annotating your entities with one of these annotations: org.springframework.data.redis.core.RedisHash (preferred), or consider extending one of the following types with your repository: org.springframework.data.keyvalue.repository.KeyValueRepository
2026-08-22T21:21:49.198+03:00  INFO 597903 --- [premisave-messenger-service] [main] .RepositoryConfigurationExtensionSupport : Spring Data Redis - Could not safely identify store assignment for repository candidate interface com.premisave.messenger.repository.MessageRepository; If you want this repository to be a Redis repository, consider annotating your entities with one of these annotations: org.springframework.data.redis.core.RedisHash (preferred), or consider extending one of the following types with your repository: org.springframework.data.keyvalue.repository.KeyValueRepository
2026-08-22T21:21:49.199+03:00  INFO 597903 --- [premisave-messenger-service] [main] .RepositoryConfigurationExtensionSupport : Spring Data Redis - Could not safely identify store assignment for repository candidate interface com.premisave.messenger.repository.UserPresenceRepository; If you want this repository to be a Redis repository, consider annotating your entities with one of these annotations: org.springframework.data.redis.core.RedisHash (preferred), or consider extending one of the following types with your repository: org.springframework.data.keyvalue.repository.KeyValueRepository
2026-08-22T21:21:49.199+03:00  INFO 597903 --- [premisave-messenger-service] [main] .s.d.r.c.RepositoryConfigurationDelegate : Finished Spring Data repository scanning in 8 ms. Found 0 Redis repository interfaces.
2026-08-22T21:21:49.539+03:00  INFO 597903 --- [premisave-messenger-service] [main] o.s.cloud.context.scope.GenericScope     : BeanFactory id=1eb2664b-f3de-35ce-a5a4-0ead4a8f592b
2026-08-22T21:21:49.855+03:00  INFO 597903 --- [premisave-messenger-service] [main] o.s.boot.tomcat.TomcatWebServer          : Tomcat initialized with port 8081 (http)
2026-08-22T21:21:49.866+03:00  INFO 597903 --- [premisave-messenger-service] [main] o.apache.catalina.core.StandardService   : Starting service [Tomcat]
2026-08-22T21:21:49.866+03:00  INFO 597903 --- [premisave-messenger-service] [main] o.apache.catalina.core.StandardEngine    : Starting Servlet engine: [Apache Tomcat/11.0.15]
2026-08-22T21:21:49.908+03:00  INFO 597903 --- [premisave-messenger-service] [main] b.w.c.s.WebApplicationContextInitializer : Root WebApplicationContext: initialization completed in 1697 ms
2026-08-22T21:21:50.127+03:00 DEBUG 597903 --- [premisave-messenger-service] [main] c.p.m.security.JwtAuthenticationFilter   : Filter 'jwtAuthenticationFilter' configured for use
2026-08-22T21:21:50.173+03:00  INFO 597903 --- [premisave-messenger-service] [main] c.p.messenger.config.MessengerMetrics    : MessengerMetrics initialized successfully
2026-08-22T21:21:50.197+03:00  WARN 597903 --- [premisave-messenger-service] [main] ConfigServletWebServerApplicationContext : Exception encountered during context initialization - cancelling refresh attempt: org.springframework.beans.factory.UnsatisfiedDependencyException: Error creating bean with name 'chatController' defined in file [/home/graham218/MyProjects/premisave/premisave-messenger-service/target/classes/com/premisave/messenger/controller/ChatController.class]: Unsatisfied dependency expressed through constructor parameter 0: Error creating bean with name 'chatService' defined in file [/home/graham218/MyProjects/premisave/premisave-messenger-service/target/classes/com/premisave/messenger/service/ChatService.class]: Unsatisfied dependency expressed through constructor parameter 0: Error creating bean with name 'chatRepository' defined in com.premisave.messenger.repository.ChatRepository defined in @EnableMongoRepositories declared on DataMongoRepositoriesRegistrar.EnableMongoRepositoriesConfiguration: Cannot resolve reference to bean 'mongoTemplate' while setting bean property 'mongoOperations'
2026-08-22T21:21:50.200+03:00  INFO 597903 --- [premisave-messenger-service] [main] o.apache.catalina.core.StandardService   : Stopping service [Tomcat]
2026-08-22T21:21:50.211+03:00  INFO 597903 --- [premisave-messenger-service] [main] .s.b.a.l.ConditionEvaluationReportLogger : 

Error starting ApplicationContext. To display the condition evaluation report re-run your application with 'debug' enabled.
2026-08-22T21:21:50.225+03:00 ERROR 597903 --- [premisave-messenger-service] [main] o.s.b.d.LoggingFailureAnalysisReporter   : 

***************************
APPLICATION FAILED TO START
***************************

Description:

Parameter 0 of method mongoDatabaseFactory in com.premisave.messenger.config.MongoConfig required a bean of type 'com.mongodb.client.MongoClient' that could not be found.


Action:

Consider defining a bean of type 'com.mongodb.client.MongoClient' in your configuration.

2026-08-22T21:23:48.352+03:00  INFO 601676 --- [premisave-messenger-service] [main] p.m.PremisaveMessengerServiceApplication : Starting PremisaveMessengerServiceApplication v1.0.0 using Java 21.0.11 with PID 601676 (/home/graham218/MyProjects/premisave/premisave-messenger-service/target/classes started by graham218 in /home/graham218/MyProjects/premisave/premisave-messenger-service)
2026-08-22T21:23:48.354+03:00 DEBUG 601676 --- [premisave-messenger-service] [main] p.m.PremisaveMessengerServiceApplication : Running with Spring Boot v4.0.1, Spring v7.0.2
2026-08-22T21:23:48.355+03:00  INFO 601676 --- [premisave-messenger-service] [main] p.m.PremisaveMessengerServiceApplication : No active profile set, falling back to 1 default profile: "default"
2026-08-22T21:23:49.448+03:00  INFO 601676 --- [premisave-messenger-service] [main] .s.d.r.c.RepositoryConfigurationDelegate : Multiple Spring Data modules found, entering strict repository configuration mode
2026-08-22T21:23:49.450+03:00  INFO 601676 --- [premisave-messenger-service] [main] .s.d.r.c.RepositoryConfigurationDelegate : Bootstrapping Spring Data MongoDB repositories in DEFAULT mode.
2026-08-22T21:23:49.571+03:00  INFO 601676 --- [premisave-messenger-service] [main] .s.d.r.c.RepositoryConfigurationDelegate : Finished Spring Data repository scanning in 113 ms. Found 6 MongoDB repository interfaces.
2026-08-22T21:23:49.605+03:00  INFO 601676 --- [premisave-messenger-service] [main] .s.d.r.c.RepositoryConfigurationDelegate : Multiple Spring Data modules found, entering strict repository configuration mode
2026-08-22T21:23:49.606+03:00  INFO 601676 --- [premisave-messenger-service] [main] .s.d.r.c.RepositoryConfigurationDelegate : Bootstrapping Spring Data Redis repositories in DEFAULT mode.
2026-08-22T21:23:49.618+03:00  INFO 601676 --- [premisave-messenger-service] [main] .RepositoryConfigurationExtensionSupport : Spring Data Redis - Could not safely identify store assignment for repository candidate interface com.premisave.messenger.repository.ChatRepository; If you want this repository to be a Redis repository, consider annotating your entities with one of these annotations: org.springframework.data.redis.core.RedisHash (preferred), or consider extending one of the following types with your repository: org.springframework.data.keyvalue.repository.KeyValueRepository
2026-08-22T21:23:49.619+03:00  INFO 601676 --- [premisave-messenger-service] [main] .RepositoryConfigurationExtensionSupport : Spring Data Redis - Could not safely identify store assignment for repository candidate interface com.premisave.messenger.repository.GroupMemberRepository; If you want this repository to be a Redis repository, consider annotating your entities with one of these annotations: org.springframework.data.redis.core.RedisHash (preferred), or consider extending one of the following types with your repository: org.springframework.data.keyvalue.repository.KeyValueRepository
2026-08-22T21:23:49.620+03:00  INFO 601676 --- [premisave-messenger-service] [main] .RepositoryConfigurationExtensionSupport : Spring Data Redis - Could not safely identify store assignment for repository candidate interface com.premisave.messenger.repository.GroupRepository; If you want this repository to be a Redis repository, consider annotating your entities with one of these annotations: org.springframework.data.redis.core.RedisHash (preferred), or consider extending one of the following types with your repository: org.springframework.data.keyvalue.repository.KeyValueRepository
2026-08-22T21:23:49.620+03:00  INFO 601676 --- [premisave-messenger-service] [main] .RepositoryConfigurationExtensionSupport : Spring Data Redis - Could not safely identify store assignment for repository candidate interface com.premisave.messenger.repository.MessageReactionRepository; If you want this repository to be a Redis repository, consider annotating your entities with one of these annotations: org.springframework.data.redis.core.RedisHash (preferred), or consider extending one of the following types with your repository: org.springframework.data.keyvalue.repository.KeyValueRepository
2026-08-22T21:23:49.622+03:00  INFO 601676 --- [premisave-messenger-service] [main] .RepositoryConfigurationExtensionSupport : Spring Data Redis - Could not safely identify store assignment for repository candidate interface com.premisave.messenger.repository.MessageRepository; If you want this repository to be a Redis repository, consider annotating your entities with one of these annotations: org.springframework.data.redis.core.RedisHash (preferred), or consider extending one of the following types with your repository: org.springframework.data.keyvalue.repository.KeyValueRepository
2026-08-22T21:23:49.623+03:00  INFO 601676 --- [premisave-messenger-service] [main] .RepositoryConfigurationExtensionSupport : Spring Data Redis - Could not safely identify store assignment for repository candidate interface com.premisave.messenger.repository.UserPresenceRepository; If you want this repository to be a Redis repository, consider annotating your entities with one of these annotations: org.springframework.data.redis.core.RedisHash (preferred), or consider extending one of the following types with your repository: org.springframework.data.keyvalue.repository.KeyValueRepository
2026-08-22T21:23:49.623+03:00  INFO 601676 --- [premisave-messenger-service] [main] .s.d.r.c.RepositoryConfigurationDelegate : Finished Spring Data repository scanning in 9 ms. Found 0 Redis repository interfaces.
2026-08-22T21:23:49.955+03:00  INFO 601676 --- [premisave-messenger-service] [main] o.s.cloud.context.scope.GenericScope     : BeanFactory id=459314b4-85d2-37e8-aec0-d64564bfa58d
2026-08-22T21:23:50.256+03:00  INFO 601676 --- [premisave-messenger-service] [main] o.s.boot.tomcat.TomcatWebServer          : Tomcat initialized with port 8081 (http)
2026-08-22T21:23:50.266+03:00  INFO 601676 --- [premisave-messenger-service] [main] o.apache.catalina.core.StandardService   : Starting service [Tomcat]
2026-08-22T21:23:50.266+03:00  INFO 601676 --- [premisave-messenger-service] [main] o.apache.catalina.core.StandardEngine    : Starting Servlet engine: [Apache Tomcat/11.0.15]
2026-08-22T21:23:50.300+03:00  INFO 601676 --- [premisave-messenger-service] [main] b.w.c.s.WebApplicationContextInitializer : Root WebApplicationContext: initialization completed in 1883 ms
2026-08-22T21:23:50.489+03:00 DEBUG 601676 --- [premisave-messenger-service] [main] c.p.m.security.JwtAuthenticationFilter   : Filter 'jwtAuthenticationFilter' configured for use
2026-08-22T21:23:50.532+03:00  INFO 601676 --- [premisave-messenger-service] [main] c.p.messenger.config.MessengerMetrics    : MessengerMetrics initialized successfully
2026-08-22T21:23:50.704+03:00  INFO 601676 --- [premisave-messenger-service] [main] org.mongodb.driver.client                : MongoClient with metadata {"driver": {"name": "mongo-java-driver|spring-boot|sync", "version": "5.6.2"}, "os": {"type": "Linux", "name": "Linux", "architecture": "amd64", "version": "6.18.12+kali-amd64"}, "platform": "Java/Debian/21.0.11+10-1-Debian"} created with settings MongoClientSettings{readPreference=primary, writeConcern=WriteConcern{w=null, wTimeout=null ms, journal=null}, retryWrites=true, retryReads=true, readConcern=ReadConcern{level=null}, credential=null, transportSettings=null, commandListeners=[io.micrometer.core.instrument.binder.mongodb.MongoMetricsCommandListener@50e1f3fc], codecRegistry=ProvidersCodecRegistry{codecProviders=[ValueCodecProvider{}, BsonValueCodecProvider{}, DBRefCodecProvider{}, DBObjectCodecProvider{}, DocumentCodecProvider{}, CollectionCodecProvider{}, IterableCodecProvider{}, MapCodecProvider{}, GeoJsonCodecProvider{}, GridFSFileCodecProvider{}, Jsr310CodecProvider{}, JsonObjectCodecProvider{}, BsonCodecProvider{}, com.mongodb.client.model.mql.ExpressionCodecProvider@54737322, com.mongodb.Jep395RecordCodecProvider@56da8847, com.mongodb.KotlinCodecProvider@7323c38c, EnumCodecProvider{}]}, loggerSettings=LoggerSettings{maxDocumentLength=1000}, clusterSettings={hosts=[localhost:27017], srvServiceName=mongodb, mode=SINGLE, requiredClusterType=UNKNOWN, requiredReplicaSetName='null', serverSelector='null', clusterListeners='[]', serverSelectionTimeout='30000 ms', localThreshold='15 ms'}, socketSettings=SocketSettings{connectTimeoutMS=10000, readTimeoutMS=0, receiveBufferSize=0, proxySettings=ProxySettings{host=null, port=null, username=null, password=null}}, heartbeatSocketSettings=SocketSettings{connectTimeoutMS=10000, readTimeoutMS=10000, receiveBufferSize=0, proxySettings=ProxySettings{host=null, port=null, username=null, password=null}}, connectionPoolSettings=ConnectionPoolSettings{maxSize=100, minSize=0, maxWaitTimeMS=120000, maxConnectionLifeTimeMS=0, maxConnectionIdleTimeMS=0, maintenanceInitialDelayMS=0, maintenanceFrequencyMS=60000, connectionPoolListeners=[io.micrometer.core.instrument.binder.mongodb.MongoMetricsConnectionPoolListener@2c02a007], maxConnecting=2}, serverSettings=ServerSettings{heartbeatFrequencyMS=10000, minHeartbeatFrequencyMS=500, serverMonitoringMode=AUTO, serverListeners='[]', serverMonitorListeners='[]'}, sslSettings=SslSettings{enabled=false, invalidHostNameAllowed=false, context=null}, applicationName='null', compressorList=[], uuidRepresentation=UNSPECIFIED, serverApi=null, autoEncryptionSettings=null, dnsClient=null, inetAddressResolver=null, contextProvider=null, timeoutMS=null}
2026-08-22T21:23:50.722+03:00  INFO 601676 --- [premisave-messenger-service] [cluster-ClusterId{value='6a89e936775997f6ddaa7bc2', description='null'}-localhost:27017] org.mongodb.driver.cluster               : Monitor thread successfully connected to server with description ServerDescription{address=localhost:27017, type=STANDALONE, cryptd=false, state=CONNECTED, ok=true, minWireVersion=0, maxWireVersion=25, maxDocumentSize=16777216, logicalSessionTimeoutMinutes=30, roundTripTimeNanos=22682326, minRoundTripTimeNanos=0}
2026-08-22T21:23:51.301+03:00  WARN 601676 --- [premisave-messenger-service] [main] ConfigServletWebServerApplicationContext : Exception encountered during context initialization - cancelling refresh attempt: org.springframework.beans.factory.UnsatisfiedDependencyException: Error creating bean with name 'chatController' defined in file [/home/graham218/MyProjects/premisave/premisave-messenger-service/target/classes/com/premisave/messenger/controller/ChatController.class]: Unsatisfied dependency expressed through constructor parameter 0: Error creating bean with name 'chatService' defined in file [/home/graham218/MyProjects/premisave/premisave-messenger-service/target/classes/com/premisave/messenger/service/ChatService.class]: Unsatisfied dependency expressed through constructor parameter 4: Error creating bean with name 'presenceService' defined in file [/home/graham218/MyProjects/premisave/premisave-messenger-service/target/classes/com/premisave/messenger/service/PresenceService.class]: Unsatisfied dependency expressed through constructor parameter 1: Error creating bean with name 'org.springframework.web.socket.config.annotation.DelegatingWebSocketMessageBrokerConfiguration': Unsatisfied dependency expressed through method 'setConfigurers' parameter 0: Error creating bean with name 'org.springframework.boot.websocket.autoconfigure.servlet.WebSocketMessagingAutoConfiguration$SpringBootWebSocketMessageBrokerConfiguration': Unsatisfied dependency expressed through constructor parameter 0: Error creating bean with name 'jacksonJsonMapper' defined in class path resource [org/springframework/boot/jackson/autoconfigure/JacksonAutoConfiguration.class]: Unsatisfied dependency expressed through method 'jacksonJsonMapper' parameter 0: Error creating bean with name 'jsonMapperBuilder' defined in class path resource [org/springframework/boot/jackson/autoconfigure/JacksonAutoConfiguration.class]: Unsatisfied dependency expressed through method 'jsonMapperBuilder' parameter 0: Error creating bean with name 'standardJsonMapperBuilderCustomizer' defined in class path resource [org/springframework/boot/jackson/autoconfigure/JacksonAutoConfiguration$JacksonJsonMapperBuilderCustomizerConfiguration.class]: Unsatisfied dependency expressed through method 'standardJsonMapperBuilderCustomizer' parameter 0: Error creating bean with name 'spring.jackson-org.springframework.boot.jackson.autoconfigure.JacksonProperties': Could not bind properties to 'JacksonProperties' : prefix=spring.jackson, ignoreInvalidFields=false, ignoreUnknownFields=true
2026-08-22T21:23:51.308+03:00  INFO 601676 --- [premisave-messenger-service] [main] o.apache.catalina.core.StandardService   : Stopping service [Tomcat]
2026-08-22T21:23:51.318+03:00  INFO 601676 --- [premisave-messenger-service] [main] .s.b.a.l.ConditionEvaluationReportLogger : 

Error starting ApplicationContext. To display the condition evaluation report re-run your application with 'debug' enabled.
2026-08-22T21:23:51.328+03:00 ERROR 601676 --- [premisave-messenger-service] [main] o.s.b.d.LoggingFailureAnalysisReporter   : 

***************************
APPLICATION FAILED TO START
***************************

Description:

Failed to bind properties under 'spring.jackson.serialization' to java.util.Map<tools.jackson.databind.SerializationFeature, java.lang.Boolean>:

    Reason: failed to convert java.lang.String to tools.jackson.databind.SerializationFeature (caused by java.lang.IllegalArgumentException: No enum constant tools.jackson.databind.SerializationFeature.write-dates-as-timestamps)

Action:

Update your application's configuration. The following values are valid:

    CLOSE_CLOSEABLE
    EAGER_SERIALIZER_FETCH
    FAIL_ON_EMPTY_BEANS
    FAIL_ON_ORDER_MAP_BY_INCOMPARABLE_KEY
    FAIL_ON_SELF_REFERENCES
    FAIL_ON_UNWRAPPED_TYPE_IDENTIFIERS
    FLUSH_AFTER_WRITE_VALUE
    INDENT_OUTPUT
    ORDER_MAP_ENTRIES_BY_KEYS
    USE_EQUALITY_FOR_OBJECT_ID
    WRAP_EXCEPTIONS
    WRAP_ROOT_VALUE
    WRITE_CHAR_ARRAYS_AS_JSON_ARRAYS
    WRITE_EMPTY_JSON_ARRAYS
    WRITE_SELF_REFERENCES_AS_NULL
    WRITE_SINGLE_ELEM_ARRAYS_UNWRAPPED

2026-08-22T21:27:27.047+03:00  INFO 606190 --- [premisave-messenger-service] [main] p.m.PremisaveMessengerServiceApplication : Starting PremisaveMessengerServiceApplication v1.0.0 using Java 21.0.11 with PID 606190 (/home/graham218/MyProjects/premisave/premisave-messenger-service/target/classes started by graham218 in /home/graham218/MyProjects/premisave/premisave-messenger-service)
2026-08-22T21:27:27.049+03:00 DEBUG 606190 --- [premisave-messenger-service] [main] p.m.PremisaveMessengerServiceApplication : Running with Spring Boot v4.0.1, Spring v7.0.2
2026-08-22T21:27:27.050+03:00  INFO 606190 --- [premisave-messenger-service] [main] p.m.PremisaveMessengerServiceApplication : No active profile set, falling back to 1 default profile: "default"
2026-08-22T21:27:27.976+03:00  INFO 606190 --- [premisave-messenger-service] [main] .s.d.r.c.RepositoryConfigurationDelegate : Multiple Spring Data modules found, entering strict repository configuration mode
2026-08-22T21:27:27.977+03:00  INFO 606190 --- [premisave-messenger-service] [main] .s.d.r.c.RepositoryConfigurationDelegate : Bootstrapping Spring Data MongoDB repositories in DEFAULT mode.
2026-08-22T21:27:28.101+03:00  INFO 606190 --- [premisave-messenger-service] [main] .s.d.r.c.RepositoryConfigurationDelegate : Finished Spring Data repository scanning in 117 ms. Found 6 MongoDB repository interfaces.
2026-08-22T21:27:28.148+03:00  INFO 606190 --- [premisave-messenger-service] [main] .s.d.r.c.RepositoryConfigurationDelegate : Multiple Spring Data modules found, entering strict repository configuration mode
2026-08-22T21:27:28.149+03:00  INFO 606190 --- [premisave-messenger-service] [main] .s.d.r.c.RepositoryConfigurationDelegate : Bootstrapping Spring Data Redis repositories in DEFAULT mode.
2026-08-22T21:27:28.164+03:00  INFO 606190 --- [premisave-messenger-service] [main] .RepositoryConfigurationExtensionSupport : Spring Data Redis - Could not safely identify store assignment for repository candidate interface com.premisave.messenger.repository.ChatRepository; If you want this repository to be a Redis repository, consider annotating your entities with one of these annotations: org.springframework.data.redis.core.RedisHash (preferred), or consider extending one of the following types with your repository: org.springframework.data.keyvalue.repository.KeyValueRepository
2026-08-22T21:27:28.164+03:00  INFO 606190 --- [premisave-messenger-service] [main] .RepositoryConfigurationExtensionSupport : Spring Data Redis - Could not safely identify store assignment for repository candidate interface com.premisave.messenger.repository.GroupMemberRepository; If you want this repository to be a Redis repository, consider annotating your entities with one of these annotations: org.springframework.data.redis.core.RedisHash (preferred), or consider extending one of the following types with your repository: org.springframework.data.keyvalue.repository.KeyValueRepository
2026-08-22T21:27:28.164+03:00  INFO 606190 --- [premisave-messenger-service] [main] .RepositoryConfigurationExtensionSupport : Spring Data Redis - Could not safely identify store assignment for repository candidate interface com.premisave.messenger.repository.GroupRepository; If you want this repository to be a Redis repository, consider annotating your entities with one of these annotations: org.springframework.data.redis.core.RedisHash (preferred), or consider extending one of the following types with your repository: org.springframework.data.keyvalue.repository.KeyValueRepository
2026-08-22T21:27:28.164+03:00  INFO 606190 --- [premisave-messenger-service] [main] .RepositoryConfigurationExtensionSupport : Spring Data Redis - Could not safely identify store assignment for repository candidate interface com.premisave.messenger.repository.MessageReactionRepository; If you want this repository to be a Redis repository, consider annotating your entities with one of these annotations: org.springframework.data.redis.core.RedisHash (preferred), or consider extending one of the following types with your repository: org.springframework.data.keyvalue.repository.KeyValueRepository
2026-08-22T21:27:28.169+03:00  INFO 606190 --- [premisave-messenger-service] [main] .RepositoryConfigurationExtensionSupport : Spring Data Redis - Could not safely identify store assignment for repository candidate interface com.premisave.messenger.repository.MessageRepository; If you want this repository to be a Redis repository, consider annotating your entities with one of these annotations: org.springframework.data.redis.core.RedisHash (preferred), or consider extending one of the following types with your repository: org.springframework.data.keyvalue.repository.KeyValueRepository
2026-08-22T21:27:28.170+03:00  INFO 606190 --- [premisave-messenger-service] [main] .RepositoryConfigurationExtensionSupport : Spring Data Redis - Could not safely identify store assignment for repository candidate interface com.premisave.messenger.repository.UserPresenceRepository; If you want this repository to be a Redis repository, consider annotating your entities with one of these annotations: org.springframework.data.redis.core.RedisHash (preferred), or consider extending one of the following types with your repository: org.springframework.data.keyvalue.repository.KeyValueRepository
2026-08-22T21:27:28.170+03:00  INFO 606190 --- [premisave-messenger-service] [main] .s.d.r.c.RepositoryConfigurationDelegate : Finished Spring Data repository scanning in 11 ms. Found 0 Redis repository interfaces.
2026-08-22T21:27:28.480+03:00  INFO 606190 --- [premisave-messenger-service] [main] o.s.cloud.context.scope.GenericScope     : BeanFactory id=459314b4-85d2-37e8-aec0-d64564bfa58d
2026-08-22T21:27:28.798+03:00  INFO 606190 --- [premisave-messenger-service] [main] o.s.boot.tomcat.TomcatWebServer          : Tomcat initialized with port 8081 (http)
2026-08-22T21:27:28.808+03:00  INFO 606190 --- [premisave-messenger-service] [main] o.apache.catalina.core.StandardService   : Starting service [Tomcat]
2026-08-22T21:27:28.809+03:00  INFO 606190 --- [premisave-messenger-service] [main] o.apache.catalina.core.StandardEngine    : Starting Servlet engine: [Apache Tomcat/11.0.15]
2026-08-22T21:27:28.846+03:00  INFO 606190 --- [premisave-messenger-service] [main] b.w.c.s.WebApplicationContextInitializer : Root WebApplicationContext: initialization completed in 1738 ms
2026-08-22T21:27:29.051+03:00 DEBUG 606190 --- [premisave-messenger-service] [main] c.p.m.security.JwtAuthenticationFilter   : Filter 'jwtAuthenticationFilter' configured for use
2026-08-22T21:27:29.100+03:00  INFO 606190 --- [premisave-messenger-service] [main] c.p.messenger.config.MessengerMetrics    : MessengerMetrics initialized successfully
2026-08-22T21:27:29.246+03:00  INFO 606190 --- [premisave-messenger-service] [main] org.mongodb.driver.client                : MongoClient with metadata {"driver": {"name": "mongo-java-driver|spring-boot|sync", "version": "5.6.2"}, "os": {"type": "Linux", "name": "Linux", "architecture": "amd64", "version": "6.18.12+kali-amd64"}, "platform": "Java/Debian/21.0.11+10-1-Debian"} created with settings MongoClientSettings{readPreference=primary, writeConcern=WriteConcern{w=null, wTimeout=null ms, journal=null}, retryWrites=true, retryReads=true, readConcern=ReadConcern{level=null}, credential=null, transportSettings=null, commandListeners=[io.micrometer.core.instrument.binder.mongodb.MongoMetricsCommandListener@543ac221], codecRegistry=ProvidersCodecRegistry{codecProviders=[ValueCodecProvider{}, BsonValueCodecProvider{}, DBRefCodecProvider{}, DBObjectCodecProvider{}, DocumentCodecProvider{}, CollectionCodecProvider{}, IterableCodecProvider{}, MapCodecProvider{}, GeoJsonCodecProvider{}, GridFSFileCodecProvider{}, Jsr310CodecProvider{}, JsonObjectCodecProvider{}, BsonCodecProvider{}, com.mongodb.client.model.mql.ExpressionCodecProvider@2270f58d, com.mongodb.Jep395RecordCodecProvider@50e1f3fc, com.mongodb.KotlinCodecProvider@54737322, EnumCodecProvider{}]}, loggerSettings=LoggerSettings{maxDocumentLength=1000}, clusterSettings={hosts=[localhost:27017], srvServiceName=mongodb, mode=SINGLE, requiredClusterType=UNKNOWN, requiredReplicaSetName='null', serverSelector='null', clusterListeners='[]', serverSelectionTimeout='30000 ms', localThreshold='15 ms'}, socketSettings=SocketSettings{connectTimeoutMS=10000, readTimeoutMS=0, receiveBufferSize=0, proxySettings=ProxySettings{host=null, port=null, username=null, password=null}}, heartbeatSocketSettings=SocketSettings{connectTimeoutMS=10000, readTimeoutMS=10000, receiveBufferSize=0, proxySettings=ProxySettings{host=null, port=null, username=null, password=null}}, connectionPoolSettings=ConnectionPoolSettings{maxSize=100, minSize=0, maxWaitTimeMS=120000, maxConnectionLifeTimeMS=0, maxConnectionIdleTimeMS=0, maintenanceInitialDelayMS=0, maintenanceFrequencyMS=60000, connectionPoolListeners=[io.micrometer.core.instrument.binder.mongodb.MongoMetricsConnectionPoolListener@56da8847], maxConnecting=2}, serverSettings=ServerSettings{heartbeatFrequencyMS=10000, minHeartbeatFrequencyMS=500, serverMonitoringMode=AUTO, serverListeners='[]', serverMonitorListeners='[]'}, sslSettings=SslSettings{enabled=false, invalidHostNameAllowed=false, context=null}, applicationName='null', compressorList=[], uuidRepresentation=UNSPECIFIED, serverApi=null, autoEncryptionSettings=null, dnsClient=null, inetAddressResolver=null, contextProvider=null, timeoutMS=null}
2026-08-22T21:27:29.264+03:00  INFO 606190 --- [premisave-messenger-service] [cluster-ClusterId{value='6a89ea11090c320e4bb97b8b', description='null'}-localhost:27017] org.mongodb.driver.cluster               : Monitor thread successfully connected to server with description ServerDescription{address=localhost:27017, type=STANDALONE, cryptd=false, state=CONNECTED, ok=true, minWireVersion=0, maxWireVersion=25, maxDocumentSize=16777216, logicalSessionTimeoutMinutes=30, roundTripTimeNanos=21572494, minRoundTripTimeNanos=0}
2026-08-22T21:27:29.712+03:00  WARN 606190 --- [premisave-messenger-service] [main] ConfigServletWebServerApplicationContext : Exception encountered during context initialization - cancelling refresh attempt: org.springframework.beans.factory.UnsatisfiedDependencyException: Error creating bean with name 'chatController' defined in file [/home/graham218/MyProjects/premisave/premisave-messenger-service/target/classes/com/premisave/messenger/controller/ChatController.class]: Unsatisfied dependency expressed through constructor parameter 0: Error creating bean with name 'chatService' defined in file [/home/graham218/MyProjects/premisave/premisave-messenger-service/target/classes/com/premisave/messenger/service/ChatService.class]: Unsatisfied dependency expressed through constructor parameter 4: Error creating bean with name 'presenceService' defined in file [/home/graham218/MyProjects/premisave/premisave-messenger-service/target/classes/com/premisave/messenger/service/PresenceService.class]: Unsatisfied dependency expressed through constructor parameter 1: Error creating bean with name 'org.springframework.web.socket.config.annotation.DelegatingWebSocketMessageBrokerConfiguration': Unsatisfied dependency expressed through method 'setConfigurers' parameter 0: Error creating bean with name 'org.springframework.boot.websocket.autoconfigure.servlet.WebSocketMessagingAutoConfiguration$SpringBootWebSocketMessageBrokerConfiguration': Unsatisfied dependency expressed through constructor parameter 0: Error creating bean with name 'jacksonJsonMapper' defined in class path resource [org/springframework/boot/jackson/autoconfigure/JacksonAutoConfiguration.class]: Unsatisfied dependency expressed through method 'jacksonJsonMapper' parameter 0: Error creating bean with name 'jsonMapperBuilder' defined in class path resource [org/springframework/boot/jackson/autoconfigure/JacksonAutoConfiguration.class]: Unsatisfied dependency expressed through method 'jsonMapperBuilder' parameter 0: Error creating bean with name 'standardJsonMapperBuilderCustomizer' defined in class path resource [org/springframework/boot/jackson/autoconfigure/JacksonAutoConfiguration$JacksonJsonMapperBuilderCustomizerConfiguration.class]: Unsatisfied dependency expressed through method 'standardJsonMapperBuilderCustomizer' parameter 0: Error creating bean with name 'spring.jackson-org.springframework.boot.jackson.autoconfigure.JacksonProperties': Could not bind properties to 'JacksonProperties' : prefix=spring.jackson, ignoreInvalidFields=false, ignoreUnknownFields=true
2026-08-22T21:27:29.720+03:00  INFO 606190 --- [premisave-messenger-service] [main] o.apache.catalina.core.StandardService   : Stopping service [Tomcat]
2026-08-22T21:27:29.732+03:00  INFO 606190 --- [premisave-messenger-service] [main] .s.b.a.l.ConditionEvaluationReportLogger : 

Error starting ApplicationContext. To display the condition evaluation report re-run your application with 'debug' enabled.
2026-08-22T21:27:29.743+03:00 ERROR 606190 --- [premisave-messenger-service] [main] o.s.b.d.LoggingFailureAnalysisReporter   : 

***************************
APPLICATION FAILED TO START
***************************

Description:

Failed to bind properties under 'spring.jackson.serialization' to java.util.Map<tools.jackson.databind.SerializationFeature, java.lang.Boolean>:

    Reason: failed to convert java.lang.String to tools.jackson.databind.SerializationFeature (caused by java.lang.IllegalArgumentException: No enum constant tools.jackson.databind.SerializationFeature.write-dates-as-timestamps)

Action:

Update your application's configuration. The following values are valid:

    CLOSE_CLOSEABLE
    EAGER_SERIALIZER_FETCH
    FAIL_ON_EMPTY_BEANS
    FAIL_ON_ORDER_MAP_BY_INCOMPARABLE_KEY
    FAIL_ON_SELF_REFERENCES
    FAIL_ON_UNWRAPPED_TYPE_IDENTIFIERS
    FLUSH_AFTER_WRITE_VALUE
    INDENT_OUTPUT
    ORDER_MAP_ENTRIES_BY_KEYS
    USE_EQUALITY_FOR_OBJECT_ID
    WRAP_EXCEPTIONS
    WRAP_ROOT_VALUE
    WRITE_CHAR_ARRAYS_AS_JSON_ARRAYS
    WRITE_EMPTY_JSON_ARRAYS
    WRITE_SELF_REFERENCES_AS_NULL
    WRITE_SINGLE_ELEM_ARRAYS_UNWRAPPED

2026-08-22T21:28:37.900+03:00  INFO 608347 --- [premisave-messenger-service] [main] p.m.PremisaveMessengerServiceApplication : Starting PremisaveMessengerServiceApplication v1.0.0 using Java 21.0.11 with PID 608347 (/home/graham218/MyProjects/premisave/premisave-messenger-service/target/classes started by graham218 in /home/graham218/MyProjects/premisave/premisave-messenger-service)
2026-08-22T21:28:37.902+03:00 DEBUG 608347 --- [premisave-messenger-service] [main] p.m.PremisaveMessengerServiceApplication : Running with Spring Boot v4.0.1, Spring v7.0.2
2026-08-22T21:28:37.903+03:00  INFO 608347 --- [premisave-messenger-service] [main] p.m.PremisaveMessengerServiceApplication : No active profile set, falling back to 1 default profile: "default"
2026-08-22T21:28:38.955+03:00  INFO 608347 --- [premisave-messenger-service] [main] .s.d.r.c.RepositoryConfigurationDelegate : Multiple Spring Data modules found, entering strict repository configuration mode
2026-08-22T21:28:38.957+03:00  INFO 608347 --- [premisave-messenger-service] [main] .s.d.r.c.RepositoryConfigurationDelegate : Bootstrapping Spring Data MongoDB repositories in DEFAULT mode.
2026-08-22T21:28:39.087+03:00  INFO 608347 --- [premisave-messenger-service] [main] .s.d.r.c.RepositoryConfigurationDelegate : Finished Spring Data repository scanning in 124 ms. Found 6 MongoDB repository interfaces.
2026-08-22T21:28:39.130+03:00  INFO 608347 --- [premisave-messenger-service] [main] .s.d.r.c.RepositoryConfigurationDelegate : Multiple Spring Data modules found, entering strict repository configuration mode
2026-08-22T21:28:39.131+03:00  INFO 608347 --- [premisave-messenger-service] [main] .s.d.r.c.RepositoryConfigurationDelegate : Bootstrapping Spring Data Redis repositories in DEFAULT mode.
2026-08-22T21:28:39.147+03:00  INFO 608347 --- [premisave-messenger-service] [main] .RepositoryConfigurationExtensionSupport : Spring Data Redis - Could not safely identify store assignment for repository candidate interface com.premisave.messenger.repository.ChatRepository; If you want this repository to be a Redis repository, consider annotating your entities with one of these annotations: org.springframework.data.redis.core.RedisHash (preferred), or consider extending one of the following types with your repository: org.springframework.data.keyvalue.repository.KeyValueRepository
2026-08-22T21:28:39.148+03:00  INFO 608347 --- [premisave-messenger-service] [main] .RepositoryConfigurationExtensionSupport : Spring Data Redis - Could not safely identify store assignment for repository candidate interface com.premisave.messenger.repository.GroupMemberRepository; If you want this repository to be a Redis repository, consider annotating your entities with one of these annotations: org.springframework.data.redis.core.RedisHash (preferred), or consider extending one of the following types with your repository: org.springframework.data.keyvalue.repository.KeyValueRepository
2026-08-22T21:28:39.148+03:00  INFO 608347 --- [premisave-messenger-service] [main] .RepositoryConfigurationExtensionSupport : Spring Data Redis - Could not safely identify store assignment for repository candidate interface com.premisave.messenger.repository.GroupRepository; If you want this repository to be a Redis repository, consider annotating your entities with one of these annotations: org.springframework.data.redis.core.RedisHash (preferred), or consider extending one of the following types with your repository: org.springframework.data.keyvalue.repository.KeyValueRepository
2026-08-22T21:28:39.148+03:00  INFO 608347 --- [premisave-messenger-service] [main] .RepositoryConfigurationExtensionSupport : Spring Data Redis - Could not safely identify store assignment for repository candidate interface com.premisave.messenger.repository.MessageReactionRepository; If you want this repository to be a Redis repository, consider annotating your entities with one of these annotations: org.springframework.data.redis.core.RedisHash (preferred), or consider extending one of the following types with your repository: org.springframework.data.keyvalue.repository.KeyValueRepository
2026-08-22T21:28:39.152+03:00  INFO 608347 --- [premisave-messenger-service] [main] .RepositoryConfigurationExtensionSupport : Spring Data Redis - Could not safely identify store assignment for repository candidate interface com.premisave.messenger.repository.MessageRepository; If you want this repository to be a Redis repository, consider annotating your entities with one of these annotations: org.springframework.data.redis.core.RedisHash (preferred), or consider extending one of the following types with your repository: org.springframework.data.keyvalue.repository.KeyValueRepository
2026-08-22T21:28:39.152+03:00  INFO 608347 --- [premisave-messenger-service] [main] .RepositoryConfigurationExtensionSupport : Spring Data Redis - Could not safely identify store assignment for repository candidate interface com.premisave.messenger.repository.UserPresenceRepository; If you want this repository to be a Redis repository, consider annotating your entities with one of these annotations: org.springframework.data.redis.core.RedisHash (preferred), or consider extending one of the following types with your repository: org.springframework.data.keyvalue.repository.KeyValueRepository
2026-08-22T21:28:39.153+03:00  INFO 608347 --- [premisave-messenger-service] [main] .s.d.r.c.RepositoryConfigurationDelegate : Finished Spring Data repository scanning in 13 ms. Found 0 Redis repository interfaces.
2026-08-22T21:28:39.588+03:00  INFO 608347 --- [premisave-messenger-service] [main] o.s.cloud.context.scope.GenericScope     : BeanFactory id=459314b4-85d2-37e8-aec0-d64564bfa58d
2026-08-22T21:28:39.900+03:00  INFO 608347 --- [premisave-messenger-service] [main] o.s.boot.tomcat.TomcatWebServer          : Tomcat initialized with port 8081 (http)
2026-08-22T21:28:39.910+03:00  INFO 608347 --- [premisave-messenger-service] [main] o.apache.catalina.core.StandardService   : Starting service [Tomcat]
2026-08-22T21:28:39.910+03:00  INFO 608347 --- [premisave-messenger-service] [main] o.apache.catalina.core.StandardEngine    : Starting Servlet engine: [Apache Tomcat/11.0.15]
2026-08-22T21:28:39.952+03:00  INFO 608347 --- [premisave-messenger-service] [main] b.w.c.s.WebApplicationContextInitializer : Root WebApplicationContext: initialization completed in 2004 ms
2026-08-22T21:28:40.181+03:00 DEBUG 608347 --- [premisave-messenger-service] [main] c.p.m.security.JwtAuthenticationFilter   : Filter 'jwtAuthenticationFilter' configured for use
2026-08-22T21:28:40.245+03:00  INFO 608347 --- [premisave-messenger-service] [main] c.p.messenger.config.MessengerMetrics    : MessengerMetrics initialized successfully
2026-08-22T21:28:40.403+03:00  INFO 608347 --- [premisave-messenger-service] [main] org.mongodb.driver.client                : MongoClient with metadata {"driver": {"name": "mongo-java-driver|spring-boot|sync", "version": "5.6.2"}, "os": {"type": "Linux", "name": "Linux", "architecture": "amd64", "version": "6.18.12+kali-amd64"}, "platform": "Java/Debian/21.0.11+10-1-Debian"} created with settings MongoClientSettings{readPreference=primary, writeConcern=WriteConcern{w=null, wTimeout=null ms, journal=null}, retryWrites=true, retryReads=true, readConcern=ReadConcern{level=null}, credential=null, transportSettings=null, commandListeners=[io.micrometer.core.instrument.binder.mongodb.MongoMetricsCommandListener@2c02a007], codecRegistry=ProvidersCodecRegistry{codecProviders=[ValueCodecProvider{}, BsonValueCodecProvider{}, DBRefCodecProvider{}, DBObjectCodecProvider{}, DocumentCodecProvider{}, CollectionCodecProvider{}, IterableCodecProvider{}, MapCodecProvider{}, GeoJsonCodecProvider{}, GridFSFileCodecProvider{}, Jsr310CodecProvider{}, JsonObjectCodecProvider{}, BsonCodecProvider{}, com.mongodb.client.model.mql.ExpressionCodecProvider@63a72cc6, com.mongodb.Jep395RecordCodecProvider@61bd0845, com.mongodb.KotlinCodecProvider@cef885d, EnumCodecProvider{}]}, loggerSettings=LoggerSettings{maxDocumentLength=1000}, clusterSettings={hosts=[localhost:27017], srvServiceName=mongodb, mode=SINGLE, requiredClusterType=UNKNOWN, requiredReplicaSetName='null', serverSelector='null', clusterListeners='[]', serverSelectionTimeout='30000 ms', localThreshold='15 ms'}, socketSettings=SocketSettings{connectTimeoutMS=10000, readTimeoutMS=0, receiveBufferSize=0, proxySettings=ProxySettings{host=null, port=null, username=null, password=null}}, heartbeatSocketSettings=SocketSettings{connectTimeoutMS=10000, readTimeoutMS=10000, receiveBufferSize=0, proxySettings=ProxySettings{host=null, port=null, username=null, password=null}}, connectionPoolSettings=ConnectionPoolSettings{maxSize=100, minSize=0, maxWaitTimeMS=120000, maxConnectionLifeTimeMS=0, maxConnectionIdleTimeMS=0, maintenanceInitialDelayMS=0, maintenanceFrequencyMS=60000, connectionPoolListeners=[io.micrometer.core.instrument.binder.mongodb.MongoMetricsConnectionPoolListener@35d4035f], maxConnecting=2}, serverSettings=ServerSettings{heartbeatFrequencyMS=10000, minHeartbeatFrequencyMS=500, serverMonitoringMode=AUTO, serverListeners='[]', serverMonitorListeners='[]'}, sslSettings=SslSettings{enabled=false, invalidHostNameAllowed=false, context=null}, applicationName='null', compressorList=[], uuidRepresentation=UNSPECIFIED, serverApi=null, autoEncryptionSettings=null, dnsClient=null, inetAddressResolver=null, contextProvider=null, timeoutMS=null}
2026-08-22T21:28:40.428+03:00  INFO 608347 --- [premisave-messenger-service] [cluster-ClusterId{value='6a89ea58eb029ab5ab7947d7', description='null'}-localhost:27017] org.mongodb.driver.cluster               : Monitor thread successfully connected to server with description ServerDescription{address=localhost:27017, type=STANDALONE, cryptd=false, state=CONNECTED, ok=true, minWireVersion=0, maxWireVersion=25, maxDocumentSize=16777216, logicalSessionTimeoutMinutes=30, roundTripTimeNanos=25667943, minRoundTripTimeNanos=0}
2026-08-22T21:28:43.166+03:00  INFO 608347 --- [premisave-messenger-service] [main] o.s.b.a.e.web.EndpointLinksResolver      : Exposing 4 endpoints beneath base path '/actuator'
2026-08-22T21:28:43.253+03:00  INFO 608347 --- [premisave-messenger-service] [main] o.s.m.s.b.SimpleBrokerMessageHandler     : Starting...
2026-08-22T21:28:43.254+03:00  INFO 608347 --- [premisave-messenger-service] [main] o.s.m.s.b.SimpleBrokerMessageHandler     : BrokerAvailabilityEvent[available=true, SimpleBrokerMessageHandler [org.springframework.messaging.simp.broker.DefaultSubscriptionRegistry@15d0f2a3]]
2026-08-22T21:28:43.254+03:00  INFO 608347 --- [premisave-messenger-service] [main] o.s.m.s.b.SimpleBrokerMessageHandler     : Started.
2026-08-22T21:28:43.268+03:00  INFO 608347 --- [premisave-messenger-service] [main] o.s.boot.tomcat.TomcatWebServer          : Tomcat started on port 8081 (http) with context path '/'
2026-08-22T21:28:43.281+03:00  INFO 608347 --- [premisave-messenger-service] [main] p.m.PremisaveMessengerServiceApplication : Started PremisaveMessengerServiceApplication in 5.837 seconds (process running for 6.569)
2026-08-22T21:28:43.986+03:00  INFO 608347 --- [premisave-messenger-service] [RMI TCP Connection(9)-127.0.0.1] o.a.c.c.C.[Tomcat].[localhost].[/]       : Initializing Spring DispatcherServlet 'dispatcherServlet'
2026-08-22T21:41:10.969+03:00 DEBUG 608347 --- [premisave-messenger-service] [http-nio-8081-exec-2] c.p.m.security.JwtAuthenticationFilter   : Authorization header: null
2026-08-22T21:41:10.969+03:00 DEBUG 608347 --- [premisave-messenger-service] [http-nio-8081-exec-2] c.p.m.security.JwtAuthenticationFilter   : No Bearer token found - continuing as unauthenticated
2026-08-22T21:50:22.155+03:00 DEBUG 608347 --- [premisave-messenger-service] [http-nio-8081-exec-5] c.p.m.security.JwtAuthenticationFilter   : Authorization header: Basic YWN0dWF0b3I6YWN0dWF0b3IxMjM=...
2026-08-22T21:50:22.156+03:00 DEBUG 608347 --- [premisave-messenger-service] [http-nio-8081-exec-5] c.p.m.security.JwtAuthenticationFilter   : No Bearer token found - continuing as unauthenticated
2026-08-22T21:51:11.998+03:00 DEBUG 608347 --- [premisave-messenger-service] [http-nio-8081-exec-8] c.p.m.security.JwtAuthenticationFilter   : Authorization header: Basic YWN0dWF0b3I6YWN0dWF0b3IxMjM=...
2026-08-22T21:51:11.998+03:00 DEBUG 608347 --- [premisave-messenger-service] [http-nio-8081-exec-8] c.p.m.security.JwtAuthenticationFilter   : No Bearer token found - continuing as unauthenticated
2026-08-22T21:51:23.911+03:00 DEBUG 608347 --- [premisave-messenger-service] [http-nio-8081-exec-9] c.p.m.security.JwtAuthenticationFilter   : Authorization header: null
2026-08-22T21:51:23.912+03:00 DEBUG 608347 --- [premisave-messenger-service] [http-nio-8081-exec-9] c.p.m.security.JwtAuthenticationFilter   : No Bearer token found - continuing as unauthenticated
2026-08-22T21:51:41.762+03:00 DEBUG 608347 --- [premisave-messenger-service] [http-nio-8081-exec-10] c.p.m.security.JwtAuthenticationFilter   : Authorization header: null
2026-08-22T21:51:41.762+03:00 DEBUG 608347 --- [premisave-messenger-service] [http-nio-8081-exec-10] c.p.m.security.JwtAuthenticationFilter   : No Bearer token found - continuing as unauthenticated
2026-08-22T21:52:27.476+03:00 DEBUG 608347 --- [premisave-messenger-service] [http-nio-8081-exec-3] c.p.m.security.JwtAuthenticationFilter   : Authorization header: null
2026-08-22T21:52:27.476+03:00 DEBUG 608347 --- [premisave-messenger-service] [http-nio-8081-exec-3] c.p.m.security.JwtAuthenticationFilter   : No Bearer token found - continuing as unauthenticated
2026-08-22T21:52:40.446+03:00 DEBUG 608347 --- [premisave-messenger-service] [http-nio-8081-exec-4] c.p.m.security.JwtAuthenticationFilter   : Authorization header: null
2026-08-22T21:52:40.446+03:00 DEBUG 608347 --- [premisave-messenger-service] [http-nio-8081-exec-4] c.p.m.security.JwtAuthenticationFilter   : No Bearer token found - continuing as unauthenticated
2026-08-22T21:52:50.657+03:00 DEBUG 608347 --- [premisave-messenger-service] [http-nio-8081-exec-5] c.p.m.security.JwtAuthenticationFilter   : Authorization header: null
2026-08-22T21:52:50.658+03:00 DEBUG 608347 --- [premisave-messenger-service] [http-nio-8081-exec-5] c.p.m.security.JwtAuthenticationFilter   : No Bearer token found - continuing as unauthenticated
2026-08-22T21:53:03.592+03:00 DEBUG 608347 --- [premisave-messenger-service] [http-nio-8081-exec-6] c.p.m.security.JwtAuthenticationFilter   : Authorization header: null
2026-08-22T21:53:03.592+03:00 DEBUG 608347 --- [premisave-messenger-service] [http-nio-8081-exec-6] c.p.m.security.JwtAuthenticationFilter   : No Bearer token found - continuing as unauthenticated
2026-08-22T21:53:16.367+03:00 DEBUG 608347 --- [premisave-messenger-service] [http-nio-8081-exec-7] c.p.m.security.JwtAuthenticationFilter   : Authorization header: null
2026-08-22T21:53:16.369+03:00 DEBUG 608347 --- [premisave-messenger-service] [http-nio-8081-exec-7] c.p.m.security.JwtAuthenticationFilter   : No Bearer token found - continuing as unauthenticated
2026-08-22T21:53:37.997+03:00 DEBUG 608347 --- [premisave-messenger-service] [http-nio-8081-exec-10] c.p.m.security.JwtAuthenticationFilter   : Authorization header: null
2026-08-22T21:53:37.997+03:00 DEBUG 608347 --- [premisave-messenger-service] [http-nio-8081-exec-10] c.p.m.security.JwtAuthenticationFilter   : No Bearer token found - continuing as unauthenticated
2026-08-22T21:53:50.820+03:00 DEBUG 608347 --- [premisave-messenger-service] [http-nio-8081-exec-1] c.p.m.security.JwtAuthenticationFilter   : Authorization header: null
2026-08-22T21:53:50.820+03:00 DEBUG 608347 --- [premisave-messenger-service] [http-nio-8081-exec-1] c.p.m.security.JwtAuthenticationFilter   : No Bearer token found - continuing as unauthenticated
2026-08-22T21:53:55.724+03:00 DEBUG 608347 --- [premisave-messenger-service] [http-nio-8081-exec-2] c.p.m.security.JwtAuthenticationFilter   : Authorization header: null
2026-08-22T21:53:55.724+03:00 DEBUG 608347 --- [premisave-messenger-service] [http-nio-8081-exec-2] c.p.m.security.JwtAuthenticationFilter   : No Bearer token found - continuing as unauthenticated
2026-08-22T21:54:36.751+03:00 DEBUG 608347 --- [premisave-messenger-service] [http-nio-8081-exec-5] c.p.m.security.JwtAuthenticationFilter   : Authorization header: null
2026-08-22T21:54:36.751+03:00 DEBUG 608347 --- [premisave-messenger-service] [http-nio-8081-exec-5] c.p.m.security.JwtAuthenticationFilter   : No Bearer token found - continuing as unauthenticated
2026-08-22T21:54:51.054+03:00 DEBUG 608347 --- [premisave-messenger-service] [http-nio-8081-exec-6] c.p.m.security.JwtAuthenticationFilter   : Authorization header: null
2026-08-22T21:54:51.054+03:00 DEBUG 608347 --- [premisave-messenger-service] [http-nio-8081-exec-6] c.p.m.security.JwtAuthenticationFilter   : No Bearer token found - continuing as unauthenticated
2026-08-22T21:54:56.646+03:00 DEBUG 608347 --- [premisave-messenger-service] [http-nio-8081-exec-7] c.p.m.security.JwtAuthenticationFilter   : Authorization header: null
2026-08-22T21:54:56.646+03:00 DEBUG 608347 --- [premisave-messenger-service] [http-nio-8081-exec-7] c.p.m.security.JwtAuthenticationFilter   : No Bearer token found - continuing as unauthenticated
2026-08-22T21:55:01.734+03:00 DEBUG 608347 --- [premisave-messenger-service] [http-nio-8081-exec-8] c.p.m.security.JwtAuthenticationFilter   : Authorization header: null
2026-08-22T21:55:01.735+03:00 DEBUG 608347 --- [premisave-messenger-service] [http-nio-8081-exec-8] c.p.m.security.JwtAuthenticationFilter   : No Bearer token found - continuing as unauthenticated
2026-08-22T21:55:12.869+03:00 DEBUG 608347 --- [premisave-messenger-service] [http-nio-8081-exec-9] c.p.m.security.JwtAuthenticationFilter   : Authorization header: null
2026-08-22T21:55:12.869+03:00 DEBUG 608347 --- [premisave-messenger-service] [http-nio-8081-exec-9] c.p.m.security.JwtAuthenticationFilter   : No Bearer token found - continuing as unauthenticated
2026-08-22T21:57:01.736+03:00  INFO 608347 --- [premisave-messenger-service] [RMI TCP Connection(40)-127.0.0.1] inMXBeanRegistrar$SpringApplicationAdmin : Application shutdown requested.
2026-08-22T21:57:01.739+03:00  INFO 608347 --- [premisave-messenger-service] [RMI TCP Connection(40)-127.0.0.1] o.s.boot.tomcat.GracefulShutdown         : Commencing graceful shutdown. Waiting for active requests to complete
2026-08-22T21:57:01.741+03:00  INFO 608347 --- [premisave-messenger-service] [tomcat-shutdown] o.s.boot.tomcat.GracefulShutdown         : Graceful shutdown complete
2026-08-22T21:57:01.743+03:00  INFO 608347 --- [premisave-messenger-service] [RMI TCP Connection(40)-127.0.0.1] o.s.m.s.b.SimpleBrokerMessageHandler     : Stopping...
2026-08-22T21:57:01.743+03:00  INFO 608347 --- [premisave-messenger-service] [RMI TCP Connection(40)-127.0.0.1] o.s.m.s.b.SimpleBrokerMessageHandler     : BrokerAvailabilityEvent[available=false, SimpleBrokerMessageHandler [org.springframework.messaging.simp.broker.DefaultSubscriptionRegistry@15d0f2a3]]
2026-08-22T21:57:01.743+03:00  INFO 608347 --- [premisave-messenger-service] [RMI TCP Connection(40)-127.0.0.1] o.s.m.s.b.SimpleBrokerMessageHandler     : Stopped.
2026-08-22T22:01:25.569+03:00  INFO 661198 --- [premisave-messenger-service] [main] p.m.PremisaveMessengerServiceApplication : Starting PremisaveMessengerServiceApplication v1.0.0 using Java 21.0.11 with PID 661198 (/home/graham218/MyProjects/premisave/premisave-messenger-service/target/classes started by graham218 in /home/graham218/MyProjects/premisave/premisave-messenger-service)
2026-08-22T22:01:25.572+03:00 DEBUG 661198 --- [premisave-messenger-service] [main] p.m.PremisaveMessengerServiceApplication : Running with Spring Boot v4.0.1, Spring v7.0.2
2026-08-22T22:01:25.572+03:00  INFO 661198 --- [premisave-messenger-service] [main] p.m.PremisaveMessengerServiceApplication : No active profile set, falling back to 1 default profile: "default"
2026-08-22T22:01:26.412+03:00  INFO 661198 --- [premisave-messenger-service] [main] .s.d.r.c.RepositoryConfigurationDelegate : Multiple Spring Data modules found, entering strict repository configuration mode
2026-08-22T22:01:26.414+03:00  INFO 661198 --- [premisave-messenger-service] [main] .s.d.r.c.RepositoryConfigurationDelegate : Bootstrapping Spring Data MongoDB repositories in DEFAULT mode.
2026-08-22T22:01:26.536+03:00  INFO 661198 --- [premisave-messenger-service] [main] .s.d.r.c.RepositoryConfigurationDelegate : Finished Spring Data repository scanning in 115 ms. Found 6 MongoDB repository interfaces.
2026-08-22T22:01:26.571+03:00  INFO 661198 --- [premisave-messenger-service] [main] .s.d.r.c.RepositoryConfigurationDelegate : Multiple Spring Data modules found, entering strict repository configuration mode
2026-08-22T22:01:26.572+03:00  INFO 661198 --- [premisave-messenger-service] [main] .s.d.r.c.RepositoryConfigurationDelegate : Bootstrapping Spring Data Redis repositories in DEFAULT mode.
2026-08-22T22:01:26.586+03:00  INFO 661198 --- [premisave-messenger-service] [main] .RepositoryConfigurationExtensionSupport : Spring Data Redis - Could not safely identify store assignment for repository candidate interface com.premisave.messenger.repository.ChatRepository; If you want this repository to be a Redis repository, consider annotating your entities with one of these annotations: org.springframework.data.redis.core.RedisHash (preferred), or consider extending one of the following types with your repository: org.springframework.data.keyvalue.repository.KeyValueRepository
2026-08-22T22:01:26.587+03:00  INFO 661198 --- [premisave-messenger-service] [main] .RepositoryConfigurationExtensionSupport : Spring Data Redis - Could not safely identify store assignment for repository candidate interface com.premisave.messenger.repository.GroupMemberRepository; If you want this repository to be a Redis repository, consider annotating your entities with one of these annotations: org.springframework.data.redis.core.RedisHash (preferred), or consider extending one of the following types with your repository: org.springframework.data.keyvalue.repository.KeyValueRepository
2026-08-22T22:01:26.587+03:00  INFO 661198 --- [premisave-messenger-service] [main] .RepositoryConfigurationExtensionSupport : Spring Data Redis - Could not safely identify store assignment for repository candidate interface com.premisave.messenger.repository.GroupRepository; If you want this repository to be a Redis repository, consider annotating your entities with one of these annotations: org.springframework.data.redis.core.RedisHash (preferred), or consider extending one of the following types with your repository: org.springframework.data.keyvalue.repository.KeyValueRepository
2026-08-22T22:01:26.587+03:00  INFO 661198 --- [premisave-messenger-service] [main] .RepositoryConfigurationExtensionSupport : Spring Data Redis - Could not safely identify store assignment for repository candidate interface com.premisave.messenger.repository.MessageReactionRepository; If you want this repository to be a Redis repository, consider annotating your entities with one of these annotations: org.springframework.data.redis.core.RedisHash (preferred), or consider extending one of the following types with your repository: org.springframework.data.keyvalue.repository.KeyValueRepository
2026-08-22T22:01:26.589+03:00  INFO 661198 --- [premisave-messenger-service] [main] .RepositoryConfigurationExtensionSupport : Spring Data Redis - Could not safely identify store assignment for repository candidate interface com.premisave.messenger.repository.MessageRepository; If you want this repository to be a Redis repository, consider annotating your entities with one of these annotations: org.springframework.data.redis.core.RedisHash (preferred), or consider extending one of the following types with your repository: org.springframework.data.keyvalue.repository.KeyValueRepository
2026-08-22T22:01:26.589+03:00  INFO 661198 --- [premisave-messenger-service] [main] .RepositoryConfigurationExtensionSupport : Spring Data Redis - Could not safely identify store assignment for repository candidate interface com.premisave.messenger.repository.UserPresenceRepository; If you want this repository to be a Redis repository, consider annotating your entities with one of these annotations: org.springframework.data.redis.core.RedisHash (preferred), or consider extending one of the following types with your repository: org.springframework.data.keyvalue.repository.KeyValueRepository
2026-08-22T22:01:26.589+03:00  INFO 661198 --- [premisave-messenger-service] [main] .s.d.r.c.RepositoryConfigurationDelegate : Finished Spring Data repository scanning in 9 ms. Found 0 Redis repository interfaces.
2026-08-22T22:01:26.882+03:00  INFO 661198 --- [premisave-messenger-service] [main] o.s.cloud.context.scope.GenericScope     : BeanFactory id=21b73db7-9625-3203-9a0f-6706c9f62f4f
2026-08-22T22:01:27.269+03:00  INFO 661198 --- [premisave-messenger-service] [main] o.s.boot.tomcat.TomcatWebServer          : Tomcat initialized with port 8081 (http)
2026-08-22T22:01:27.280+03:00  INFO 661198 --- [premisave-messenger-service] [main] o.apache.catalina.core.StandardService   : Starting service [Tomcat]
2026-08-22T22:01:27.280+03:00  INFO 661198 --- [premisave-messenger-service] [main] o.apache.catalina.core.StandardEngine    : Starting Servlet engine: [Apache Tomcat/11.0.15]
2026-08-22T22:01:27.322+03:00  INFO 661198 --- [premisave-messenger-service] [main] b.w.c.s.WebApplicationContextInitializer : Root WebApplicationContext: initialization completed in 1710 ms
2026-08-22T22:01:27.555+03:00 DEBUG 661198 --- [premisave-messenger-service] [main] c.p.m.security.JwtAuthenticationFilter   : Filter 'jwtAuthenticationFilter' configured for use
2026-08-22T22:01:27.606+03:00  INFO 661198 --- [premisave-messenger-service] [main] c.p.messenger.config.MessengerMetrics    : MessengerMetrics initialized successfully
2026-08-22T22:01:27.764+03:00  INFO 661198 --- [premisave-messenger-service] [main] org.mongodb.driver.client                : MongoClient with metadata {"driver": {"name": "mongo-java-driver|spring-boot|sync", "version": "5.6.2"}, "os": {"type": "Linux", "name": "Linux", "architecture": "amd64", "version": "6.18.12+kali-amd64"}, "platform": "Java/Debian/21.0.11+10-1-Debian"} created with settings MongoClientSettings{readPreference=primary, writeConcern=WriteConcern{w=null, wTimeout=null ms, journal=null}, retryWrites=true, retryReads=true, readConcern=ReadConcern{level=null}, credential=null, transportSettings=null, commandListeners=[io.micrometer.core.instrument.binder.mongodb.MongoMetricsCommandListener@7323c38c], codecRegistry=ProvidersCodecRegistry{codecProviders=[ValueCodecProvider{}, BsonValueCodecProvider{}, DBRefCodecProvider{}, DBObjectCodecProvider{}, DocumentCodecProvider{}, CollectionCodecProvider{}, IterableCodecProvider{}, MapCodecProvider{}, GeoJsonCodecProvider{}, GridFSFileCodecProvider{}, Jsr310CodecProvider{}, JsonObjectCodecProvider{}, BsonCodecProvider{}, com.mongodb.client.model.mql.ExpressionCodecProvider@2c02a007, com.mongodb.Jep395RecordCodecProvider@63a72cc6, com.mongodb.KotlinCodecProvider@61bd0845, EnumCodecProvider{}]}, loggerSettings=LoggerSettings{maxDocumentLength=1000}, clusterSettings={hosts=[localhost:27017], srvServiceName=mongodb, mode=SINGLE, requiredClusterType=UNKNOWN, requiredReplicaSetName='null', serverSelector='null', clusterListeners='[]', serverSelectionTimeout='30000 ms', localThreshold='15 ms'}, socketSettings=SocketSettings{connectTimeoutMS=10000, readTimeoutMS=0, receiveBufferSize=0, proxySettings=ProxySettings{host=null, port=null, username=null, password=null}}, heartbeatSocketSettings=SocketSettings{connectTimeoutMS=10000, readTimeoutMS=10000, receiveBufferSize=0, proxySettings=ProxySettings{host=null, port=null, username=null, password=null}}, connectionPoolSettings=ConnectionPoolSettings{maxSize=100, minSize=0, maxWaitTimeMS=120000, maxConnectionLifeTimeMS=0, maxConnectionIdleTimeMS=0, maintenanceInitialDelayMS=0, maintenanceFrequencyMS=60000, connectionPoolListeners=[io.micrometer.core.instrument.binder.mongodb.MongoMetricsConnectionPoolListener@cef885d], maxConnecting=2}, serverSettings=ServerSettings{heartbeatFrequencyMS=10000, minHeartbeatFrequencyMS=500, serverMonitoringMode=AUTO, serverListeners='[]', serverMonitorListeners='[]'}, sslSettings=SslSettings{enabled=false, invalidHostNameAllowed=false, context=null}, applicationName='null', compressorList=[], uuidRepresentation=UNSPECIFIED, serverApi=null, autoEncryptionSettings=null, dnsClient=null, inetAddressResolver=null, contextProvider=null, timeoutMS=null}
2026-08-22T22:01:27.774+03:00  INFO 661198 --- [premisave-messenger-service] [cluster-ClusterId{value='6a89f20767c97c6fd328f98e', description='null'}-localhost:27017] org.mongodb.driver.cluster               : Monitor thread successfully connected to server with description ServerDescription{address=localhost:27017, type=STANDALONE, cryptd=false, state=CONNECTED, ok=true, minWireVersion=0, maxWireVersion=25, maxDocumentSize=16777216, logicalSessionTimeoutMinutes=30, roundTripTimeNanos=13616600, minRoundTripTimeNanos=0}
2026-08-22T22:01:29.881+03:00  INFO 661198 --- [premisave-messenger-service] [main] o.s.b.a.e.web.EndpointLinksResolver      : Exposing 4 endpoints beneath base path '/actuator'
2026-08-22T22:01:29.955+03:00  INFO 661198 --- [premisave-messenger-service] [main] o.s.m.s.b.SimpleBrokerMessageHandler     : Starting...
2026-08-22T22:01:29.956+03:00  INFO 661198 --- [premisave-messenger-service] [main] o.s.m.s.b.SimpleBrokerMessageHandler     : BrokerAvailabilityEvent[available=true, SimpleBrokerMessageHandler [org.springframework.messaging.simp.broker.DefaultSubscriptionRegistry@639d808a]]
2026-08-22T22:01:29.956+03:00  INFO 661198 --- [premisave-messenger-service] [main] o.s.m.s.b.SimpleBrokerMessageHandler     : Started.
2026-08-22T22:01:29.969+03:00  INFO 661198 --- [premisave-messenger-service] [main] o.s.boot.tomcat.TomcatWebServer          : Tomcat started on port 8081 (http) with context path '/'
2026-08-22T22:01:29.983+03:00  INFO 661198 --- [premisave-messenger-service] [main] p.m.PremisaveMessengerServiceApplication : Started PremisaveMessengerServiceApplication in 4.83 seconds (process running for 5.544)
2026-08-22T22:01:30.477+03:00  INFO 661198 --- [premisave-messenger-service] [RMI TCP Connection(10)-127.0.0.1] o.a.c.c.C.[Tomcat].[localhost].[/]       : Initializing Spring DispatcherServlet 'dispatcherServlet'
2026-08-22T22:01:38.706+03:00 DEBUG 661198 --- [premisave-messenger-service] [http-nio-8081-exec-2] c.p.m.security.JwtAuthenticationFilter   : Authorization header: null
2026-08-22T22:01:38.707+03:00 DEBUG 661198 --- [premisave-messenger-service] [http-nio-8081-exec-2] c.p.m.security.JwtAuthenticationFilter   : No Bearer token found - continuing as unauthenticated
2026-08-22T22:01:44.023+03:00 DEBUG 661198 --- [premisave-messenger-service] [http-nio-8081-exec-3] c.p.m.security.JwtAuthenticationFilter   : Authorization header: null
2026-08-22T22:01:44.023+03:00 DEBUG 661198 --- [premisave-messenger-service] [http-nio-8081-exec-3] c.p.m.security.JwtAuthenticationFilter   : No Bearer token found - continuing as unauthenticated
2026-08-22T22:01:50.995+03:00 DEBUG 661198 --- [premisave-messenger-service] [http-nio-8081-exec-4] c.p.m.security.JwtAuthenticationFilter   : Authorization header: null
2026-08-22T22:01:50.996+03:00 DEBUG 661198 --- [premisave-messenger-service] [http-nio-8081-exec-4] c.p.m.security.JwtAuthenticationFilter   : No Bearer token found - continuing as unauthenticated
2026-08-22T22:03:41.900+03:00 DEBUG 661198 --- [premisave-messenger-service] [http-nio-8081-exec-7] c.p.m.security.JwtAuthenticationFilter   : Authorization header: Bearer eyJhbGciOiJIUzI1NiJ9.eyJyb2xlcyI6IkFETUlOIi...
2026-08-22T22:03:41.950+03:00  WARN 661198 --- [premisave-messenger-service] [http-nio-8081-exec-7] c.p.messenger.security.JwtService        : JWT secret was truncated to 32 bytes
2026-08-22T22:03:41.950+03:00 DEBUG 661198 --- [premisave-messenger-service] [http-nio-8081-exec-7] c.p.messenger.security.JwtService        : Using signing key of length: 32 bytes
2026-08-22T22:03:42.039+03:00  WARN 661198 --- [premisave-messenger-service] [http-nio-8081-exec-7] c.p.messenger.security.JwtService        : JWT secret was truncated to 32 bytes
2026-08-22T22:03:42.039+03:00 DEBUG 661198 --- [premisave-messenger-service] [http-nio-8081-exec-7] c.p.messenger.security.JwtService        : Using signing key of length: 32 bytes
2026-08-22T22:03:42.040+03:00 DEBUG 661198 --- [premisave-messenger-service] [http-nio-8081-exec-7] c.p.m.security.JwtAuthenticationFilter   : Token validation result: true
2026-08-22T22:03:42.040+03:00  WARN 661198 --- [premisave-messenger-service] [http-nio-8081-exec-7] c.p.messenger.security.JwtService        : JWT secret was truncated to 32 bytes
2026-08-22T22:03:42.040+03:00 DEBUG 661198 --- [premisave-messenger-service] [http-nio-8081-exec-7] c.p.messenger.security.JwtService        : Using signing key of length: 32 bytes
2026-08-22T22:03:42.041+03:00 DEBUG 661198 --- [premisave-messenger-service] [http-nio-8081-exec-7] c.p.m.security.JwtAuthenticationFilter   : Extracted username from token: admin@premisave.com
2026-08-22T22:03:42.042+03:00  INFO 661198 --- [premisave-messenger-service] [http-nio-8081-exec-7] c.p.m.security.JwtAuthenticationFilter   : Successfully authenticated user: admin@premisave.com
2026-08-22T22:03:42.056+03:00  WARN 661198 --- [premisave-messenger-service] [http-nio-8081-exec-7] c.p.messenger.security.JwtService        : JWT secret was truncated to 32 bytes
2026-08-22T22:03:42.057+03:00 DEBUG 661198 --- [premisave-messenger-service] [http-nio-8081-exec-7] c.p.messenger.security.JwtService        : Using signing key of length: 32 bytes
2026-08-22T22:03:42.058+03:00  WARN 661198 --- [premisave-messenger-service] [http-nio-8081-exec-7] c.p.messenger.security.JwtService        : JWT secret was truncated to 32 bytes
2026-08-22T22:03:42.058+03:00 DEBUG 661198 --- [premisave-messenger-service] [http-nio-8081-exec-7] c.p.messenger.security.JwtService        : Using signing key of length: 32 bytes
2026-08-22T22:03:42.059+03:00  WARN 661198 --- [premisave-messenger-service] [http-nio-8081-exec-7] c.p.messenger.security.JwtService        : JWT secret was truncated to 32 bytes
2026-08-22T22:03:42.059+03:00 DEBUG 661198 --- [premisave-messenger-service] [http-nio-8081-exec-7] c.p.messenger.security.JwtService        : Using signing key of length: 32 bytes
2026-08-22T22:04:52.739+03:00 DEBUG 661198 --- [premisave-messenger-service] [http-nio-8081-exec-10] c.p.m.security.JwtAuthenticationFilter   : Authorization header: Bearer eyJhbGciOiJIUzI1NiJ9.eyJyb2xlcyI6IkFETUlOIi...
2026-08-22T22:04:52.739+03:00  WARN 661198 --- [premisave-messenger-service] [http-nio-8081-exec-10] c.p.messenger.security.JwtService        : JWT secret was truncated to 32 bytes
2026-08-22T22:04:52.739+03:00 DEBUG 661198 --- [premisave-messenger-service] [http-nio-8081-exec-10] c.p.messenger.security.JwtService        : Using signing key of length: 32 bytes
2026-08-22T22:04:52.740+03:00  WARN 661198 --- [premisave-messenger-service] [http-nio-8081-exec-10] c.p.messenger.security.JwtService        : JWT secret was truncated to 32 bytes
2026-08-22T22:04:52.740+03:00 DEBUG 661198 --- [premisave-messenger-service] [http-nio-8081-exec-10] c.p.messenger.security.JwtService        : Using signing key of length: 32 bytes
2026-08-22T22:04:52.740+03:00 DEBUG 661198 --- [premisave-messenger-service] [http-nio-8081-exec-10] c.p.m.security.JwtAuthenticationFilter   : Token validation result: true
2026-08-22T22:04:52.740+03:00  WARN 661198 --- [premisave-messenger-service] [http-nio-8081-exec-10] c.p.messenger.security.JwtService        : JWT secret was truncated to 32 bytes
2026-08-22T22:04:52.741+03:00 DEBUG 661198 --- [premisave-messenger-service] [http-nio-8081-exec-10] c.p.messenger.security.JwtService        : Using signing key of length: 32 bytes
2026-08-22T22:04:52.741+03:00 DEBUG 661198 --- [premisave-messenger-service] [http-nio-8081-exec-10] c.p.m.security.JwtAuthenticationFilter   : Extracted username from token: admin@premisave.com
2026-08-22T22:04:52.741+03:00  INFO 661198 --- [premisave-messenger-service] [http-nio-8081-exec-10] c.p.m.security.JwtAuthenticationFilter   : Successfully authenticated user: admin@premisave.com
2026-08-22T22:04:52.779+03:00  WARN 661198 --- [premisave-messenger-service] [http-nio-8081-exec-10] c.p.messenger.security.JwtService        : JWT secret was truncated to 32 bytes
2026-08-22T22:04:52.779+03:00 DEBUG 661198 --- [premisave-messenger-service] [http-nio-8081-exec-10] c.p.messenger.security.JwtService        : Using signing key of length: 32 bytes
2026-08-22T22:04:52.918+03:00  INFO 661198 --- [premisave-messenger-service] [http-nio-8081-exec-10] c.p.messenger.service.ChatService        : New private chat created between admin@premisave.com and 69fb94e91b08bb5028283c2b
2026-08-22T22:04:52.918+03:00  INFO 661198 --- [premisave-messenger-service] [http-nio-8081-exec-10] c.p.messenger.controller.ChatController  : Private chat created/retrieved between admin@premisave.com and 69fb94e91b08bb5028283c2b
2026-08-22T22:10:24.585+03:00  INFO 661198 --- [premisave-messenger-service] [RMI TCP Connection(21)-127.0.0.1] inMXBeanRegistrar$SpringApplicationAdmin : Application shutdown requested.
2026-08-22T22:10:24.589+03:00  INFO 661198 --- [premisave-messenger-service] [RMI TCP Connection(21)-127.0.0.1] o.s.boot.tomcat.GracefulShutdown         : Commencing graceful shutdown. Waiting for active requests to complete
2026-08-22T22:10:24.592+03:00  INFO 661198 --- [premisave-messenger-service] [tomcat-shutdown] o.s.boot.tomcat.GracefulShutdown         : Graceful shutdown complete
2026-08-22T22:10:24.594+03:00  INFO 661198 --- [premisave-messenger-service] [RMI TCP Connection(21)-127.0.0.1] o.s.m.s.b.SimpleBrokerMessageHandler     : Stopping...
2026-08-22T22:10:24.594+03:00  INFO 661198 --- [premisave-messenger-service] [RMI TCP Connection(21)-127.0.0.1] o.s.m.s.b.SimpleBrokerMessageHandler     : BrokerAvailabilityEvent[available=false, SimpleBrokerMessageHandler [org.springframework.messaging.simp.broker.DefaultSubscriptionRegistry@639d808a]]
2026-08-22T22:10:24.594+03:00  INFO 661198 --- [premisave-messenger-service] [RMI TCP Connection(21)-127.0.0.1] o.s.m.s.b.SimpleBrokerMessageHandler     : Stopped.
2026-08-22T22:10:39.533+03:00  INFO 676440 --- [premisave-messenger-service] [main] p.m.PremisaveMessengerServiceApplication : Starting PremisaveMessengerServiceApplication v1.0.0 using Java 21.0.11 with PID 676440 (/home/graham218/MyProjects/premisave/premisave-messenger-service/target/classes started by graham218 in /home/graham218/MyProjects/premisave/premisave-messenger-service)
2026-08-22T22:10:39.537+03:00 DEBUG 676440 --- [premisave-messenger-service] [main] p.m.PremisaveMessengerServiceApplication : Running with Spring Boot v4.0.1, Spring v7.0.2
2026-08-22T22:10:39.538+03:00  INFO 676440 --- [premisave-messenger-service] [main] p.m.PremisaveMessengerServiceApplication : No active profile set, falling back to 1 default profile: "default"
2026-08-22T22:10:40.648+03:00  INFO 676440 --- [premisave-messenger-service] [main] .s.d.r.c.RepositoryConfigurationDelegate : Multiple Spring Data modules found, entering strict repository configuration mode
2026-08-22T22:10:40.650+03:00  INFO 676440 --- [premisave-messenger-service] [main] .s.d.r.c.RepositoryConfigurationDelegate : Bootstrapping Spring Data MongoDB repositories in DEFAULT mode.
2026-08-22T22:10:40.772+03:00  INFO 676440 --- [premisave-messenger-service] [main] .s.d.r.c.RepositoryConfigurationDelegate : Finished Spring Data repository scanning in 115 ms. Found 6 MongoDB repository interfaces.
2026-08-22T22:10:40.812+03:00  INFO 676440 --- [premisave-messenger-service] [main] .s.d.r.c.RepositoryConfigurationDelegate : Multiple Spring Data modules found, entering strict repository configuration mode
2026-08-22T22:10:40.813+03:00  INFO 676440 --- [premisave-messenger-service] [main] .s.d.r.c.RepositoryConfigurationDelegate : Bootstrapping Spring Data Redis repositories in DEFAULT mode.
2026-08-22T22:10:40.826+03:00  INFO 676440 --- [premisave-messenger-service] [main] .RepositoryConfigurationExtensionSupport : Spring Data Redis - Could not safely identify store assignment for repository candidate interface com.premisave.messenger.repository.ChatRepository; If you want this repository to be a Redis repository, consider annotating your entities with one of these annotations: org.springframework.data.redis.core.RedisHash (preferred), or consider extending one of the following types with your repository: org.springframework.data.keyvalue.repository.KeyValueRepository
2026-08-22T22:10:40.826+03:00  INFO 676440 --- [premisave-messenger-service] [main] .RepositoryConfigurationExtensionSupport : Spring Data Redis - Could not safely identify store assignment for repository candidate interface com.premisave.messenger.repository.GroupMemberRepository; If you want this repository to be a Redis repository, consider annotating your entities with one of these annotations: org.springframework.data.redis.core.RedisHash (preferred), or consider extending one of the following types with your repository: org.springframework.data.keyvalue.repository.KeyValueRepository
2026-08-22T22:10:40.827+03:00  INFO 676440 --- [premisave-messenger-service] [main] .RepositoryConfigurationExtensionSupport : Spring Data Redis - Could not safely identify store assignment for repository candidate interface com.premisave.messenger.repository.GroupRepository; If you want this repository to be a Redis repository, consider annotating your entities with one of these annotations: org.springframework.data.redis.core.RedisHash (preferred), or consider extending one of the following types with your repository: org.springframework.data.keyvalue.repository.KeyValueRepository
2026-08-22T22:10:40.827+03:00  INFO 676440 --- [premisave-messenger-service] [main] .RepositoryConfigurationExtensionSupport : Spring Data Redis - Could not safely identify store assignment for repository candidate interface com.premisave.messenger.repository.MessageReactionRepository; If you want this repository to be a Redis repository, consider annotating your entities with one of these annotations: org.springframework.data.redis.core.RedisHash (preferred), or consider extending one of the following types with your repository: org.springframework.data.keyvalue.repository.KeyValueRepository
2026-08-22T22:10:40.828+03:00  INFO 676440 --- [premisave-messenger-service] [main] .RepositoryConfigurationExtensionSupport : Spring Data Redis - Could not safely identify store assignment for repository candidate interface com.premisave.messenger.repository.MessageRepository; If you want this repository to be a Redis repository, consider annotating your entities with one of these annotations: org.springframework.data.redis.core.RedisHash (preferred), or consider extending one of the following types with your repository: org.springframework.data.keyvalue.repository.KeyValueRepository
2026-08-22T22:10:40.829+03:00  INFO 676440 --- [premisave-messenger-service] [main] .RepositoryConfigurationExtensionSupport : Spring Data Redis - Could not safely identify store assignment for repository candidate interface com.premisave.messenger.repository.UserPresenceRepository; If you want this repository to be a Redis repository, consider annotating your entities with one of these annotations: org.springframework.data.redis.core.RedisHash (preferred), or consider extending one of the following types with your repository: org.springframework.data.keyvalue.repository.KeyValueRepository
2026-08-22T22:10:40.829+03:00  INFO 676440 --- [premisave-messenger-service] [main] .s.d.r.c.RepositoryConfigurationDelegate : Finished Spring Data repository scanning in 7 ms. Found 0 Redis repository interfaces.
2026-08-22T22:10:41.229+03:00  INFO 676440 --- [premisave-messenger-service] [main] o.s.cloud.context.scope.GenericScope     : BeanFactory id=21b73db7-9625-3203-9a0f-6706c9f62f4f
2026-08-22T22:10:41.567+03:00  INFO 676440 --- [premisave-messenger-service] [main] o.s.boot.tomcat.TomcatWebServer          : Tomcat initialized with port 8081 (http)
2026-08-22T22:10:41.581+03:00  INFO 676440 --- [premisave-messenger-service] [main] o.apache.catalina.core.StandardService   : Starting service [Tomcat]
2026-08-22T22:10:41.582+03:00  INFO 676440 --- [premisave-messenger-service] [main] o.apache.catalina.core.StandardEngine    : Starting Servlet engine: [Apache Tomcat/11.0.15]
2026-08-22T22:10:41.636+03:00  INFO 676440 --- [premisave-messenger-service] [main] b.w.c.s.WebApplicationContextInitializer : Root WebApplicationContext: initialization completed in 1986 ms
2026-08-22T22:10:41.873+03:00 DEBUG 676440 --- [premisave-messenger-service] [main] c.p.m.security.JwtAuthenticationFilter   : Filter 'jwtAuthenticationFilter' configured for use
2026-08-22T22:10:41.940+03:00  INFO 676440 --- [premisave-messenger-service] [main] c.p.messenger.config.MessengerMetrics    : MessengerMetrics initialized successfully
2026-08-22T22:10:42.123+03:00  INFO 676440 --- [premisave-messenger-service] [main] org.mongodb.driver.client                : MongoClient with metadata {"driver": {"name": "mongo-java-driver|spring-boot|sync", "version": "5.6.2"}, "os": {"type": "Linux", "name": "Linux", "architecture": "amd64", "version": "6.18.12+kali-amd64"}, "platform": "Java/Debian/21.0.11+10-1-Debian"} created with settings MongoClientSettings{readPreference=primary, writeConcern=WriteConcern{w=null, wTimeout=null ms, journal=null}, retryWrites=true, retryReads=true, readConcern=ReadConcern{level=null}, credential=null, transportSettings=null, commandListeners=[io.micrometer.core.instrument.binder.mongodb.MongoMetricsCommandListener@737ff5c4], codecRegistry=ProvidersCodecRegistry{codecProviders=[ValueCodecProvider{}, BsonValueCodecProvider{}, DBRefCodecProvider{}, DBObjectCodecProvider{}, DocumentCodecProvider{}, CollectionCodecProvider{}, IterableCodecProvider{}, MapCodecProvider{}, GeoJsonCodecProvider{}, GridFSFileCodecProvider{}, Jsr310CodecProvider{}, JsonObjectCodecProvider{}, BsonCodecProvider{}, com.mongodb.client.model.mql.ExpressionCodecProvider@7e9a836, com.mongodb.Jep395RecordCodecProvider@124ff64d, com.mongodb.KotlinCodecProvider@75aa7703, EnumCodecProvider{}]}, loggerSettings=LoggerSettings{maxDocumentLength=1000}, clusterSettings={hosts=[localhost:27017], srvServiceName=mongodb, mode=SINGLE, requiredClusterType=UNKNOWN, requiredReplicaSetName='null', serverSelector='null', clusterListeners='[]', serverSelectionTimeout='30000 ms', localThreshold='15 ms'}, socketSettings=SocketSettings{connectTimeoutMS=10000, readTimeoutMS=0, receiveBufferSize=0, proxySettings=ProxySettings{host=null, port=null, username=null, password=null}}, heartbeatSocketSettings=SocketSettings{connectTimeoutMS=10000, readTimeoutMS=10000, receiveBufferSize=0, proxySettings=ProxySettings{host=null, port=null, username=null, password=null}}, connectionPoolSettings=ConnectionPoolSettings{maxSize=100, minSize=0, maxWaitTimeMS=120000, maxConnectionLifeTimeMS=0, maxConnectionIdleTimeMS=0, maintenanceInitialDelayMS=0, maintenanceFrequencyMS=60000, connectionPoolListeners=[io.micrometer.core.instrument.binder.mongodb.MongoMetricsConnectionPoolListener@79777da7], maxConnecting=2}, serverSettings=ServerSettings{heartbeatFrequencyMS=10000, minHeartbeatFrequencyMS=500, serverMonitoringMode=AUTO, serverListeners='[]', serverMonitorListeners='[]'}, sslSettings=SslSettings{enabled=false, invalidHostNameAllowed=false, context=null}, applicationName='null', compressorList=[], uuidRepresentation=UNSPECIFIED, serverApi=null, autoEncryptionSettings=null, dnsClient=null, inetAddressResolver=null, contextProvider=null, timeoutMS=null}
2026-08-22T22:10:42.135+03:00  INFO 676440 --- [premisave-messenger-service] [cluster-ClusterId{value='6a89f4320447e2f1496100ab', description='null'}-localhost:27017] org.mongodb.driver.cluster               : Monitor thread successfully connected to server with description ServerDescription{address=localhost:27017, type=STANDALONE, cryptd=false, state=CONNECTED, ok=true, minWireVersion=0, maxWireVersion=25, maxDocumentSize=16777216, logicalSessionTimeoutMinutes=30, roundTripTimeNanos=16755367, minRoundTripTimeNanos=0}
2026-08-22T22:10:45.514+03:00  INFO 676440 --- [premisave-messenger-service] [main] o.s.b.a.e.web.EndpointLinksResolver      : Exposing 4 endpoints beneath base path '/actuator'
2026-08-22T22:10:45.598+03:00  INFO 676440 --- [premisave-messenger-service] [main] o.s.m.s.b.SimpleBrokerMessageHandler     : Starting...
2026-08-22T22:10:45.598+03:00  INFO 676440 --- [premisave-messenger-service] [main] o.s.m.s.b.SimpleBrokerMessageHandler     : BrokerAvailabilityEvent[available=true, SimpleBrokerMessageHandler [org.springframework.messaging.simp.broker.DefaultSubscriptionRegistry@1ae8556c]]
2026-08-22T22:10:45.599+03:00  INFO 676440 --- [premisave-messenger-service] [main] o.s.m.s.b.SimpleBrokerMessageHandler     : Started.
2026-08-22T22:10:45.634+03:00  INFO 676440 --- [premisave-messenger-service] [main] o.s.boot.tomcat.TomcatWebServer          : Tomcat started on port 8081 (http) with context path '/'
2026-08-22T22:10:45.652+03:00  INFO 676440 --- [premisave-messenger-service] [main] p.m.PremisaveMessengerServiceApplication : Started PremisaveMessengerServiceApplication in 6.645 seconds (process running for 7.358)
2026-08-22T22:10:46.395+03:00  INFO 676440 --- [premisave-messenger-service] [RMI TCP Connection(10)-127.0.0.1] o.a.c.c.C.[Tomcat].[localhost].[/]       : Initializing Spring DispatcherServlet 'dispatcherServlet'
2026-08-22T22:10:52.214+03:00 DEBUG 676440 --- [premisave-messenger-service] [http-nio-8081-exec-2] c.p.m.security.JwtAuthenticationFilter   : Authorization header: Bearer eyJhbGciOiJIUzI1NiJ9.eyJyb2xlcyI6IkFETUlOIi...
2026-08-22T22:10:52.264+03:00  WARN 676440 --- [premisave-messenger-service] [http-nio-8081-exec-2] c.p.messenger.security.JwtService        : JWT secret was truncated to 32 bytes
2026-08-22T22:10:52.264+03:00 DEBUG 676440 --- [premisave-messenger-service] [http-nio-8081-exec-2] c.p.messenger.security.JwtService        : Using signing key of length: 32 bytes
2026-08-22T22:10:52.329+03:00  WARN 676440 --- [premisave-messenger-service] [http-nio-8081-exec-2] c.p.messenger.security.JwtService        : JWT secret was truncated to 32 bytes
2026-08-22T22:10:52.329+03:00 DEBUG 676440 --- [premisave-messenger-service] [http-nio-8081-exec-2] c.p.messenger.security.JwtService        : Using signing key of length: 32 bytes
2026-08-22T22:10:52.330+03:00 DEBUG 676440 --- [premisave-messenger-service] [http-nio-8081-exec-2] c.p.m.security.JwtAuthenticationFilter   : Token validation result: true
2026-08-22T22:10:52.330+03:00  WARN 676440 --- [premisave-messenger-service] [http-nio-8081-exec-2] c.p.messenger.security.JwtService        : JWT secret was truncated to 32 bytes
2026-08-22T22:10:52.330+03:00 DEBUG 676440 --- [premisave-messenger-service] [http-nio-8081-exec-2] c.p.messenger.security.JwtService        : Using signing key of length: 32 bytes
2026-08-22T22:10:52.331+03:00 DEBUG 676440 --- [premisave-messenger-service] [http-nio-8081-exec-2] c.p.m.security.JwtAuthenticationFilter   : Extracted username from token: admin@premisave.com
2026-08-22T22:10:52.333+03:00  INFO 676440 --- [premisave-messenger-service] [http-nio-8081-exec-2] c.p.m.security.JwtAuthenticationFilter   : Successfully authenticated user: admin@premisave.com
2026-08-22T22:10:52.399+03:00  WARN 676440 --- [premisave-messenger-service] [http-nio-8081-exec-2] c.p.messenger.security.JwtService        : JWT secret was truncated to 32 bytes
2026-08-22T22:10:52.399+03:00 DEBUG 676440 --- [premisave-messenger-service] [http-nio-8081-exec-2] c.p.messenger.security.JwtService        : Using signing key of length: 32 bytes
2026-08-22T22:10:52.514+03:00  INFO 676440 --- [premisave-messenger-service] [http-nio-8081-exec-2] c.p.messenger.service.ChatService        : New private chat created between admin@premisave.com and 69fb94e91b08bb5028283c2b
2026-08-22T22:10:52.514+03:00  INFO 676440 --- [premisave-messenger-service] [http-nio-8081-exec-2] c.p.messenger.controller.ChatController  : Private chat created/retrieved between admin@premisave.com and 69fb94e91b08bb5028283c2b
2026-08-22T22:19:18.719+03:00  INFO 676440 --- [premisave-messenger-service] [RMI TCP Connection(21)-127.0.0.1] inMXBeanRegistrar$SpringApplicationAdmin : Application shutdown requested.
2026-08-22T22:19:18.722+03:00  INFO 676440 --- [premisave-messenger-service] [RMI TCP Connection(21)-127.0.0.1] o.s.boot.tomcat.GracefulShutdown         : Commencing graceful shutdown. Waiting for active requests to complete
2026-08-22T22:19:18.726+03:00  INFO 676440 --- [premisave-messenger-service] [tomcat-shutdown] o.s.boot.tomcat.GracefulShutdown         : Graceful shutdown complete
2026-08-22T22:19:18.728+03:00  INFO 676440 --- [premisave-messenger-service] [RMI TCP Connection(21)-127.0.0.1] o.s.m.s.b.SimpleBrokerMessageHandler     : Stopping...
2026-08-22T22:19:18.728+03:00  INFO 676440 --- [premisave-messenger-service] [RMI TCP Connection(21)-127.0.0.1] o.s.m.s.b.SimpleBrokerMessageHandler     : BrokerAvailabilityEvent[available=false, SimpleBrokerMessageHandler [org.springframework.messaging.simp.broker.DefaultSubscriptionRegistry@1ae8556c]]
2026-08-22T22:19:18.728+03:00  INFO 676440 --- [premisave-messenger-service] [RMI TCP Connection(21)-127.0.0.1] o.s.m.s.b.SimpleBrokerMessageHandler     : Stopped.
2026-08-22T22:19:37.909+03:00  INFO 690843 --- [premisave-messenger-service] [main] p.m.PremisaveMessengerServiceApplication : Starting PremisaveMessengerServiceApplication v1.0.0 using Java 21.0.11 with PID 690843 (/home/graham218/MyProjects/premisave/premisave-messenger-service/target/classes started by graham218 in /home/graham218/MyProjects/premisave/premisave-messenger-service)
2026-08-22T22:19:37.911+03:00 DEBUG 690843 --- [premisave-messenger-service] [main] p.m.PremisaveMessengerServiceApplication : Running with Spring Boot v4.0.1, Spring v7.0.2
2026-08-22T22:19:37.911+03:00  INFO 690843 --- [premisave-messenger-service] [main] p.m.PremisaveMessengerServiceApplication : No active profile set, falling back to 1 default profile: "default"
2026-08-22T22:19:38.826+03:00  INFO 690843 --- [premisave-messenger-service] [main] .s.d.r.c.RepositoryConfigurationDelegate : Multiple Spring Data modules found, entering strict repository configuration mode
2026-08-22T22:19:38.827+03:00  INFO 690843 --- [premisave-messenger-service] [main] .s.d.r.c.RepositoryConfigurationDelegate : Bootstrapping Spring Data MongoDB repositories in DEFAULT mode.
2026-08-22T22:19:38.936+03:00  INFO 690843 --- [premisave-messenger-service] [main] .s.d.r.c.RepositoryConfigurationDelegate : Finished Spring Data repository scanning in 102 ms. Found 6 MongoDB repository interfaces.
2026-08-22T22:19:38.970+03:00  INFO 690843 --- [premisave-messenger-service] [main] .s.d.r.c.RepositoryConfigurationDelegate : Multiple Spring Data modules found, entering strict repository configuration mode
2026-08-22T22:19:38.972+03:00  INFO 690843 --- [premisave-messenger-service] [main] .s.d.r.c.RepositoryConfigurationDelegate : Bootstrapping Spring Data Redis repositories in DEFAULT mode.
2026-08-22T22:19:38.988+03:00  INFO 690843 --- [premisave-messenger-service] [main] .RepositoryConfigurationExtensionSupport : Spring Data Redis - Could not safely identify store assignment for repository candidate interface com.premisave.messenger.repository.ChatRepository; If you want this repository to be a Redis repository, consider annotating your entities with one of these annotations: org.springframework.data.redis.core.RedisHash (preferred), or consider extending one of the following types with your repository: org.springframework.data.keyvalue.repository.KeyValueRepository
2026-08-22T22:19:38.988+03:00  INFO 690843 --- [premisave-messenger-service] [main] .RepositoryConfigurationExtensionSupport : Spring Data Redis - Could not safely identify store assignment for repository candidate interface com.premisave.messenger.repository.GroupMemberRepository; If you want this repository to be a Redis repository, consider annotating your entities with one of these annotations: org.springframework.data.redis.core.RedisHash (preferred), or consider extending one of the following types with your repository: org.springframework.data.keyvalue.repository.KeyValueRepository
2026-08-22T22:19:38.988+03:00  INFO 690843 --- [premisave-messenger-service] [main] .RepositoryConfigurationExtensionSupport : Spring Data Redis - Could not safely identify store assignment for repository candidate interface com.premisave.messenger.repository.GroupRepository; If you want this repository to be a Redis repository, consider annotating your entities with one of these annotations: org.springframework.data.redis.core.RedisHash (preferred), or consider extending one of the following types with your repository: org.springframework.data.keyvalue.repository.KeyValueRepository
2026-08-22T22:19:38.988+03:00  INFO 690843 --- [premisave-messenger-service] [main] .RepositoryConfigurationExtensionSupport : Spring Data Redis - Could not safely identify store assignment for repository candidate interface com.premisave.messenger.repository.MessageReactionRepository; If you want this repository to be a Redis repository, consider annotating your entities with one of these annotations: org.springframework.data.redis.core.RedisHash (preferred), or consider extending one of the following types with your repository: org.springframework.data.keyvalue.repository.KeyValueRepository
2026-08-22T22:19:38.991+03:00  INFO 690843 --- [premisave-messenger-service] [main] .RepositoryConfigurationExtensionSupport : Spring Data Redis - Could not safely identify store assignment for repository candidate interface com.premisave.messenger.repository.MessageRepository; If you want this repository to be a Redis repository, consider annotating your entities with one of these annotations: org.springframework.data.redis.core.RedisHash (preferred), or consider extending one of the following types with your repository: org.springframework.data.keyvalue.repository.KeyValueRepository
2026-08-22T22:19:38.992+03:00  INFO 690843 --- [premisave-messenger-service] [main] .RepositoryConfigurationExtensionSupport : Spring Data Redis - Could not safely identify store assignment for repository candidate interface com.premisave.messenger.repository.UserPresenceRepository; If you want this repository to be a Redis repository, consider annotating your entities with one of these annotations: org.springframework.data.redis.core.RedisHash (preferred), or consider extending one of the following types with your repository: org.springframework.data.keyvalue.repository.KeyValueRepository
2026-08-22T22:19:38.992+03:00  INFO 690843 --- [premisave-messenger-service] [main] .s.d.r.c.RepositoryConfigurationDelegate : Finished Spring Data repository scanning in 12 ms. Found 0 Redis repository interfaces.
2026-08-22T22:19:39.349+03:00  INFO 690843 --- [premisave-messenger-service] [main] o.s.cloud.context.scope.GenericScope     : BeanFactory id=21b73db7-9625-3203-9a0f-6706c9f62f4f
2026-08-22T22:19:39.699+03:00  INFO 690843 --- [premisave-messenger-service] [main] o.s.boot.tomcat.TomcatWebServer          : Tomcat initialized with port 8081 (http)
2026-08-22T22:19:39.710+03:00  INFO 690843 --- [premisave-messenger-service] [main] o.apache.catalina.core.StandardService   : Starting service [Tomcat]
2026-08-22T22:19:39.710+03:00  INFO 690843 --- [premisave-messenger-service] [main] o.apache.catalina.core.StandardEngine    : Starting Servlet engine: [Apache Tomcat/11.0.15]
2026-08-22T22:19:39.745+03:00  INFO 690843 --- [premisave-messenger-service] [main] b.w.c.s.WebApplicationContextInitializer : Root WebApplicationContext: initialization completed in 1794 ms
2026-08-22T22:19:39.929+03:00 DEBUG 690843 --- [premisave-messenger-service] [main] c.p.m.security.JwtAuthenticationFilter   : Filter 'jwtAuthenticationFilter' configured for use
2026-08-22T22:19:39.977+03:00  INFO 690843 --- [premisave-messenger-service] [main] c.p.messenger.config.MessengerMetrics    : MessengerMetrics initialized successfully
2026-08-22T22:19:40.127+03:00  INFO 690843 --- [premisave-messenger-service] [main] org.mongodb.driver.client                : MongoClient with metadata {"driver": {"name": "mongo-java-driver|spring-boot|sync", "version": "5.6.2"}, "os": {"type": "Linux", "name": "Linux", "architecture": "amd64", "version": "6.18.12+kali-amd64"}, "platform": "Java/Debian/21.0.11+10-1-Debian"} created with settings MongoClientSettings{readPreference=primary, writeConcern=WriteConcern{w=null, wTimeout=null ms, journal=null}, retryWrites=true, retryReads=true, readConcern=ReadConcern{level=null}, credential=null, transportSettings=null, commandListeners=[io.micrometer.core.instrument.binder.mongodb.MongoMetricsCommandListener@543ac221], codecRegistry=ProvidersCodecRegistry{codecProviders=[ValueCodecProvider{}, BsonValueCodecProvider{}, DBRefCodecProvider{}, DBObjectCodecProvider{}, DocumentCodecProvider{}, CollectionCodecProvider{}, IterableCodecProvider{}, MapCodecProvider{}, GeoJsonCodecProvider{}, GridFSFileCodecProvider{}, Jsr310CodecProvider{}, JsonObjectCodecProvider{}, BsonCodecProvider{}, com.mongodb.client.model.mql.ExpressionCodecProvider@2270f58d, com.mongodb.Jep395RecordCodecProvider@50e1f3fc, com.mongodb.KotlinCodecProvider@54737322, EnumCodecProvider{}]}, loggerSettings=LoggerSettings{maxDocumentLength=1000}, clusterSettings={hosts=[localhost:27017], srvServiceName=mongodb, mode=SINGLE, requiredClusterType=UNKNOWN, requiredReplicaSetName='null', serverSelector='null', clusterListeners='[]', serverSelectionTimeout='30000 ms', localThreshold='15 ms'}, socketSettings=SocketSettings{connectTimeoutMS=10000, readTimeoutMS=0, receiveBufferSize=0, proxySettings=ProxySettings{host=null, port=null, username=null, password=null}}, heartbeatSocketSettings=SocketSettings{connectTimeoutMS=10000, readTimeoutMS=10000, receiveBufferSize=0, proxySettings=ProxySettings{host=null, port=null, username=null, password=null}}, connectionPoolSettings=ConnectionPoolSettings{maxSize=100, minSize=0, maxWaitTimeMS=120000, maxConnectionLifeTimeMS=0, maxConnectionIdleTimeMS=0, maintenanceInitialDelayMS=0, maintenanceFrequencyMS=60000, connectionPoolListeners=[io.micrometer.core.instrument.binder.mongodb.MongoMetricsConnectionPoolListener@56da8847], maxConnecting=2}, serverSettings=ServerSettings{heartbeatFrequencyMS=10000, minHeartbeatFrequencyMS=500, serverMonitoringMode=AUTO, serverListeners='[]', serverMonitorListeners='[]'}, sslSettings=SslSettings{enabled=false, invalidHostNameAllowed=false, context=null}, applicationName='null', compressorList=[], uuidRepresentation=UNSPECIFIED, serverApi=null, autoEncryptionSettings=null, dnsClient=null, inetAddressResolver=null, contextProvider=null, timeoutMS=null}
2026-08-22T22:19:40.139+03:00  INFO 690843 --- [premisave-messenger-service] [cluster-ClusterId{value='6a89f64ca9a83ecced7fd424', description='null'}-localhost:27017] org.mongodb.driver.cluster               : Monitor thread successfully connected to server with description ServerDescription{address=localhost:27017, type=STANDALONE, cryptd=false, state=CONNECTED, ok=true, minWireVersion=0, maxWireVersion=25, maxDocumentSize=16777216, logicalSessionTimeoutMinutes=30, roundTripTimeNanos=14880560, minRoundTripTimeNanos=0}
2026-08-22T22:19:42.230+03:00  INFO 690843 --- [premisave-messenger-service] [main] o.s.b.a.e.web.EndpointLinksResolver      : Exposing 4 endpoints beneath base path '/actuator'
2026-08-22T22:19:42.327+03:00  INFO 690843 --- [premisave-messenger-service] [main] o.s.m.s.b.SimpleBrokerMessageHandler     : Starting...
2026-08-22T22:19:42.327+03:00  INFO 690843 --- [premisave-messenger-service] [main] o.s.m.s.b.SimpleBrokerMessageHandler     : BrokerAvailabilityEvent[available=true, SimpleBrokerMessageHandler [org.springframework.messaging.simp.broker.DefaultSubscriptionRegistry@7b8b755d]]
2026-08-22T22:19:42.327+03:00  INFO 690843 --- [premisave-messenger-service] [main] o.s.m.s.b.SimpleBrokerMessageHandler     : Started.
2026-08-22T22:19:42.342+03:00  INFO 690843 --- [premisave-messenger-service] [main] o.s.boot.tomcat.TomcatWebServer          : Tomcat started on port 8081 (http) with context path '/'
2026-08-22T22:19:42.361+03:00  INFO 690843 --- [premisave-messenger-service] [main] p.m.PremisaveMessengerServiceApplication : Started PremisaveMessengerServiceApplication in 4.876 seconds (process running for 5.617)
2026-08-22T22:19:42.912+03:00  INFO 690843 --- [premisave-messenger-service] [RMI TCP Connection(10)-127.0.0.1] o.a.c.c.C.[Tomcat].[localhost].[/]       : Initializing Spring DispatcherServlet 'dispatcherServlet'
2026-08-22T22:19:53.678+03:00 DEBUG 690843 --- [premisave-messenger-service] [http-nio-8081-exec-2] c.p.m.security.JwtAuthenticationFilter   : Authorization header: Bearer eyJhbGciOiJIUzI1NiJ9.eyJyb2xlcyI6IkFETUlOIi...
2026-08-22T22:19:53.722+03:00  WARN 690843 --- [premisave-messenger-service] [http-nio-8081-exec-2] c.p.messenger.security.JwtService        : JWT secret was truncated to 32 bytes
2026-08-22T22:19:53.722+03:00 DEBUG 690843 --- [premisave-messenger-service] [http-nio-8081-exec-2] c.p.messenger.security.JwtService        : Using signing key of length: 32 bytes
2026-08-22T22:19:53.772+03:00  WARN 690843 --- [premisave-messenger-service] [http-nio-8081-exec-2] c.p.messenger.security.JwtService        : JWT secret was truncated to 32 bytes
2026-08-22T22:19:53.773+03:00 DEBUG 690843 --- [premisave-messenger-service] [http-nio-8081-exec-2] c.p.messenger.security.JwtService        : Using signing key of length: 32 bytes
2026-08-22T22:19:53.773+03:00 DEBUG 690843 --- [premisave-messenger-service] [http-nio-8081-exec-2] c.p.m.security.JwtAuthenticationFilter   : Token validation result: true
2026-08-22T22:19:53.773+03:00  WARN 690843 --- [premisave-messenger-service] [http-nio-8081-exec-2] c.p.messenger.security.JwtService        : JWT secret was truncated to 32 bytes
2026-08-22T22:19:53.774+03:00 DEBUG 690843 --- [premisave-messenger-service] [http-nio-8081-exec-2] c.p.messenger.security.JwtService        : Using signing key of length: 32 bytes
2026-08-22T22:19:53.774+03:00 DEBUG 690843 --- [premisave-messenger-service] [http-nio-8081-exec-2] c.p.m.security.JwtAuthenticationFilter   : Extracted username from token: admin@premisave.com
2026-08-22T22:19:53.776+03:00  INFO 690843 --- [premisave-messenger-service] [http-nio-8081-exec-2] c.p.m.security.JwtAuthenticationFilter   : Successfully authenticated user: admin@premisave.com
2026-08-22T22:19:53.826+03:00  WARN 690843 --- [premisave-messenger-service] [http-nio-8081-exec-2] c.p.messenger.security.JwtService        : JWT secret was truncated to 32 bytes
2026-08-22T22:19:53.826+03:00 DEBUG 690843 --- [premisave-messenger-service] [http-nio-8081-exec-2] c.p.messenger.security.JwtService        : Using signing key of length: 32 bytes
2026-08-22T22:19:53.965+03:00  INFO 690843 --- [premisave-messenger-service] [http-nio-8081-exec-2] c.p.messenger.service.ChatService        : New private chat created between admin@premisave.com and 69fb94e91b08bb5028283c2b
2026-08-22T22:19:53.965+03:00  INFO 690843 --- [premisave-messenger-service] [http-nio-8081-exec-2] c.p.messenger.controller.ChatController  : Private chat created/retrieved between admin@premisave.com and 69fb94e91b08bb5028283c2b
2026-08-22T22:41:20.740+03:00  INFO 690843 --- [premisave-messenger-service] [RMI TCP Connection(33)-127.0.0.1] inMXBeanRegistrar$SpringApplicationAdmin : Application shutdown requested.
2026-08-22T22:41:20.743+03:00  INFO 690843 --- [premisave-messenger-service] [RMI TCP Connection(33)-127.0.0.1] o.s.boot.tomcat.GracefulShutdown         : Commencing graceful shutdown. Waiting for active requests to complete
2026-08-22T22:41:20.745+03:00  INFO 690843 --- [premisave-messenger-service] [tomcat-shutdown] o.s.boot.tomcat.GracefulShutdown         : Graceful shutdown complete
2026-08-22T22:41:20.747+03:00  INFO 690843 --- [premisave-messenger-service] [RMI TCP Connection(33)-127.0.0.1] o.s.m.s.b.SimpleBrokerMessageHandler     : Stopping...
2026-08-22T22:41:20.747+03:00  INFO 690843 --- [premisave-messenger-service] [RMI TCP Connection(33)-127.0.0.1] o.s.m.s.b.SimpleBrokerMessageHandler     : BrokerAvailabilityEvent[available=false, SimpleBrokerMessageHandler [org.springframework.messaging.simp.broker.DefaultSubscriptionRegistry@7b8b755d]]
2026-08-22T22:41:20.747+03:00  INFO 690843 --- [premisave-messenger-service] [RMI TCP Connection(33)-127.0.0.1] o.s.m.s.b.SimpleBrokerMessageHandler     : Stopped.
2026-08-22T22:41:25.717+03:00  INFO 725013 --- [premisave-messenger-service] [main] p.m.PremisaveMessengerServiceApplication : Starting PremisaveMessengerServiceApplication v1.0.0 using Java 21.0.11 with PID 725013 (/home/graham218/MyProjects/premisave/premisave-messenger-service/target/classes started by graham218 in /home/graham218/MyProjects/premisave/premisave-messenger-service)
2026-08-22T22:41:25.719+03:00 DEBUG 725013 --- [premisave-messenger-service] [main] p.m.PremisaveMessengerServiceApplication : Running with Spring Boot v4.0.1, Spring v7.0.2
2026-08-22T22:41:25.720+03:00  INFO 725013 --- [premisave-messenger-service] [main] p.m.PremisaveMessengerServiceApplication : No active profile set, falling back to 1 default profile: "default"
2026-08-22T22:41:26.596+03:00  INFO 725013 --- [premisave-messenger-service] [main] .s.d.r.c.RepositoryConfigurationDelegate : Multiple Spring Data modules found, entering strict repository configuration mode
2026-08-22T22:41:26.598+03:00  INFO 725013 --- [premisave-messenger-service] [main] .s.d.r.c.RepositoryConfigurationDelegate : Bootstrapping Spring Data MongoDB repositories in DEFAULT mode.
2026-08-22T22:41:26.717+03:00  INFO 725013 --- [premisave-messenger-service] [main] .s.d.r.c.RepositoryConfigurationDelegate : Finished Spring Data repository scanning in 113 ms. Found 6 MongoDB repository interfaces.
2026-08-22T22:41:26.752+03:00  INFO 725013 --- [premisave-messenger-service] [main] .s.d.r.c.RepositoryConfigurationDelegate : Multiple Spring Data modules found, entering strict repository configuration mode
2026-08-22T22:41:26.753+03:00  INFO 725013 --- [premisave-messenger-service] [main] .s.d.r.c.RepositoryConfigurationDelegate : Bootstrapping Spring Data Redis repositories in DEFAULT mode.
2026-08-22T22:41:26.770+03:00  INFO 725013 --- [premisave-messenger-service] [main] .RepositoryConfigurationExtensionSupport : Spring Data Redis - Could not safely identify store assignment for repository candidate interface com.premisave.messenger.repository.ChatRepository; If you want this repository to be a Redis repository, consider annotating your entities with one of these annotations: org.springframework.data.redis.core.RedisHash (preferred), or consider extending one of the following types with your repository: org.springframework.data.keyvalue.repository.KeyValueRepository
2026-08-22T22:41:26.770+03:00  INFO 725013 --- [premisave-messenger-service] [main] .RepositoryConfigurationExtensionSupport : Spring Data Redis - Could not safely identify store assignment for repository candidate interface com.premisave.messenger.repository.GroupMemberRepository; If you want this repository to be a Redis repository, consider annotating your entities with one of these annotations: org.springframework.data.redis.core.RedisHash (preferred), or consider extending one of the following types with your repository: org.springframework.data.keyvalue.repository.KeyValueRepository
2026-08-22T22:41:26.771+03:00  INFO 725013 --- [premisave-messenger-service] [main] .RepositoryConfigurationExtensionSupport : Spring Data Redis - Could not safely identify store assignment for repository candidate interface com.premisave.messenger.repository.GroupRepository; If you want this repository to be a Redis repository, consider annotating your entities with one of these annotations: org.springframework.data.redis.core.RedisHash (preferred), or consider extending one of the following types with your repository: org.springframework.data.keyvalue.repository.KeyValueRepository
2026-08-22T22:41:26.771+03:00  INFO 725013 --- [premisave-messenger-service] [main] .RepositoryConfigurationExtensionSupport : Spring Data Redis - Could not safely identify store assignment for repository candidate interface com.premisave.messenger.repository.MessageReactionRepository; If you want this repository to be a Redis repository, consider annotating your entities with one of these annotations: org.springframework.data.redis.core.RedisHash (preferred), or consider extending one of the following types with your repository: org.springframework.data.keyvalue.repository.KeyValueRepository
2026-08-22T22:41:26.773+03:00  INFO 725013 --- [premisave-messenger-service] [main] .RepositoryConfigurationExtensionSupport : Spring Data Redis - Could not safely identify store assignment for repository candidate interface com.premisave.messenger.repository.MessageRepository; If you want this repository to be a Redis repository, consider annotating your entities with one of these annotations: org.springframework.data.redis.core.RedisHash (preferred), or consider extending one of the following types with your repository: org.springframework.data.keyvalue.repository.KeyValueRepository
2026-08-22T22:41:26.774+03:00  INFO 725013 --- [premisave-messenger-service] [main] .RepositoryConfigurationExtensionSupport : Spring Data Redis - Could not safely identify store assignment for repository candidate interface com.premisave.messenger.repository.UserPresenceRepository; If you want this repository to be a Redis repository, consider annotating your entities with one of these annotations: org.springframework.data.redis.core.RedisHash (preferred), or consider extending one of the following types with your repository: org.springframework.data.keyvalue.repository.KeyValueRepository
2026-08-22T22:41:26.774+03:00  INFO 725013 --- [premisave-messenger-service] [main] .s.d.r.c.RepositoryConfigurationDelegate : Finished Spring Data repository scanning in 13 ms. Found 0 Redis repository interfaces.
2026-08-22T22:41:27.145+03:00  INFO 725013 --- [premisave-messenger-service] [main] o.s.cloud.context.scope.GenericScope     : BeanFactory id=21b73db7-9625-3203-9a0f-6706c9f62f4f
2026-08-22T22:41:27.477+03:00  INFO 725013 --- [premisave-messenger-service] [main] o.s.boot.tomcat.TomcatWebServer          : Tomcat initialized with port 8081 (http)
2026-08-22T22:41:27.488+03:00  INFO 725013 --- [premisave-messenger-service] [main] o.apache.catalina.core.StandardService   : Starting service [Tomcat]
2026-08-22T22:41:27.489+03:00  INFO 725013 --- [premisave-messenger-service] [main] o.apache.catalina.core.StandardEngine    : Starting Servlet engine: [Apache Tomcat/11.0.15]
2026-08-22T22:41:27.527+03:00  INFO 725013 --- [premisave-messenger-service] [main] b.w.c.s.WebApplicationContextInitializer : Root WebApplicationContext: initialization completed in 1771 ms
2026-08-22T22:41:27.769+03:00 DEBUG 725013 --- [premisave-messenger-service] [main] c.p.m.security.JwtAuthenticationFilter   : Filter 'jwtAuthenticationFilter' configured for use
2026-08-22T22:41:27.820+03:00  INFO 725013 --- [premisave-messenger-service] [main] c.p.messenger.config.MessengerMetrics    : MessengerMetrics initialized successfully
2026-08-22T22:41:27.985+03:00  INFO 725013 --- [premisave-messenger-service] [main] org.mongodb.driver.client                : MongoClient with metadata {"driver": {"name": "mongo-java-driver|spring-boot|sync", "version": "5.6.2"}, "os": {"type": "Linux", "name": "Linux", "architecture": "amd64", "version": "6.18.12+kali-amd64"}, "platform": "Java/Debian/21.0.11+10-1-Debian"} created with settings MongoClientSettings{readPreference=primary, writeConcern=WriteConcern{w=null, wTimeout=null ms, journal=null}, retryWrites=true, retryReads=true, readConcern=ReadConcern{level=null}, credential=null, transportSettings=null, commandListeners=[io.micrometer.core.instrument.binder.mongodb.MongoMetricsCommandListener@12a0d249], codecRegistry=ProvidersCodecRegistry{codecProviders=[ValueCodecProvider{}, BsonValueCodecProvider{}, DBRefCodecProvider{}, DBObjectCodecProvider{}, DocumentCodecProvider{}, CollectionCodecProvider{}, IterableCodecProvider{}, MapCodecProvider{}, GeoJsonCodecProvider{}, GridFSFileCodecProvider{}, Jsr310CodecProvider{}, JsonObjectCodecProvider{}, BsonCodecProvider{}, com.mongodb.client.model.mql.ExpressionCodecProvider@3c62be3c, com.mongodb.Jep395RecordCodecProvider@c6c84fa, com.mongodb.KotlinCodecProvider@70ce2fb2, EnumCodecProvider{}]}, loggerSettings=LoggerSettings{maxDocumentLength=1000}, clusterSettings={hosts=[localhost:27017], srvServiceName=mongodb, mode=SINGLE, requiredClusterType=UNKNOWN, requiredReplicaSetName='null', serverSelector='null', clusterListeners='[]', serverSelectionTimeout='30000 ms', localThreshold='15 ms'}, socketSettings=SocketSettings{connectTimeoutMS=10000, readTimeoutMS=0, receiveBufferSize=0, proxySettings=ProxySettings{host=null, port=null, username=null, password=null}}, heartbeatSocketSettings=SocketSettings{connectTimeoutMS=10000, readTimeoutMS=10000, receiveBufferSize=0, proxySettings=ProxySettings{host=null, port=null, username=null, password=null}}, connectionPoolSettings=ConnectionPoolSettings{maxSize=100, minSize=0, maxWaitTimeMS=120000, maxConnectionLifeTimeMS=0, maxConnectionIdleTimeMS=0, maintenanceInitialDelayMS=0, maintenanceFrequencyMS=60000, connectionPoolListeners=[io.micrometer.core.instrument.binder.mongodb.MongoMetricsConnectionPoolListener@64688978], maxConnecting=2}, serverSettings=ServerSettings{heartbeatFrequencyMS=10000, minHeartbeatFrequencyMS=500, serverMonitoringMode=AUTO, serverListeners='[]', serverMonitorListeners='[]'}, sslSettings=SslSettings{enabled=false, invalidHostNameAllowed=false, context=null}, applicationName='null', compressorList=[], uuidRepresentation=UNSPECIFIED, serverApi=null, autoEncryptionSettings=null, dnsClient=null, inetAddressResolver=null, contextProvider=null, timeoutMS=null}
2026-08-22T22:41:28.001+03:00  INFO 725013 --- [premisave-messenger-service] [cluster-ClusterId{value='6a89fb6784ef15baac214c51', description='null'}-localhost:27017] org.mongodb.driver.cluster               : Monitor thread successfully connected to server with description ServerDescription{address=localhost:27017, type=STANDALONE, cryptd=false, state=CONNECTED, ok=true, minWireVersion=0, maxWireVersion=25, maxDocumentSize=16777216, logicalSessionTimeoutMinutes=30, roundTripTimeNanos=18539578, minRoundTripTimeNanos=0}
2026-08-22T22:41:30.115+03:00  INFO 725013 --- [premisave-messenger-service] [main] o.s.b.a.e.web.EndpointLinksResolver      : Exposing 4 endpoints beneath base path '/actuator'
2026-08-22T22:41:30.205+03:00  INFO 725013 --- [premisave-messenger-service] [main] o.s.m.s.b.SimpleBrokerMessageHandler     : Starting...
2026-08-22T22:41:30.208+03:00  INFO 725013 --- [premisave-messenger-service] [main] o.s.m.s.b.SimpleBrokerMessageHandler     : BrokerAvailabilityEvent[available=true, SimpleBrokerMessageHandler [org.springframework.messaging.simp.broker.DefaultSubscriptionRegistry@10cf3e4f]]
2026-08-22T22:41:30.208+03:00  INFO 725013 --- [premisave-messenger-service] [main] o.s.m.s.b.SimpleBrokerMessageHandler     : Started.
2026-08-22T22:41:30.230+03:00  INFO 725013 --- [premisave-messenger-service] [main] o.s.boot.tomcat.TomcatWebServer          : Tomcat started on port 8081 (http) with context path '/'
2026-08-22T22:41:30.250+03:00  INFO 725013 --- [premisave-messenger-service] [main] p.m.PremisaveMessengerServiceApplication : Started PremisaveMessengerServiceApplication in 4.993 seconds (process running for 6.202)
2026-08-22T22:41:30.700+03:00  INFO 725013 --- [premisave-messenger-service] [RMI TCP Connection(10)-127.0.0.1] o.a.c.c.C.[Tomcat].[localhost].[/]       : Initializing Spring DispatcherServlet 'dispatcherServlet'
2026-08-22T23:23:04.229+03:00 DEBUG 725013 --- [premisave-messenger-service] [http-nio-8081-exec-2] c.p.m.security.JwtAuthenticationFilter   : Authorization header: Bearer eyJhbGciOiJIUzI1NiJ9.eyJyb2xlcyI6IkFETUlOIi...
2026-08-22T23:23:04.271+03:00  WARN 725013 --- [premisave-messenger-service] [http-nio-8081-exec-2] c.p.messenger.security.JwtService        : JWT secret was truncated to 32 bytes
2026-08-22T23:23:04.271+03:00 DEBUG 725013 --- [premisave-messenger-service] [http-nio-8081-exec-2] c.p.messenger.security.JwtService        : Using signing key of length: 32 bytes
2026-08-22T23:23:04.323+03:00  WARN 725013 --- [premisave-messenger-service] [http-nio-8081-exec-2] c.p.messenger.security.JwtService        : JWT secret was truncated to 32 bytes
2026-08-22T23:23:04.323+03:00 DEBUG 725013 --- [premisave-messenger-service] [http-nio-8081-exec-2] c.p.messenger.security.JwtService        : Using signing key of length: 32 bytes
2026-08-22T23:23:04.324+03:00 DEBUG 725013 --- [premisave-messenger-service] [http-nio-8081-exec-2] c.p.m.security.JwtAuthenticationFilter   : Token validation result: true
2026-08-22T23:23:04.324+03:00  WARN 725013 --- [premisave-messenger-service] [http-nio-8081-exec-2] c.p.messenger.security.JwtService        : JWT secret was truncated to 32 bytes
2026-08-22T23:23:04.324+03:00 DEBUG 725013 --- [premisave-messenger-service] [http-nio-8081-exec-2] c.p.messenger.security.JwtService        : Using signing key of length: 32 bytes
2026-08-22T23:23:04.325+03:00 DEBUG 725013 --- [premisave-messenger-service] [http-nio-8081-exec-2] c.p.m.security.JwtAuthenticationFilter   : Extracted username from token: admin@premisave.com
2026-08-22T23:23:04.326+03:00  INFO 725013 --- [premisave-messenger-service] [http-nio-8081-exec-2] c.p.m.security.JwtAuthenticationFilter   : Successfully authenticated user: admin@premisave.com
2026-08-22T23:23:04.382+03:00  WARN 725013 --- [premisave-messenger-service] [http-nio-8081-exec-2] c.p.messenger.security.JwtService        : JWT secret was truncated to 32 bytes
2026-08-22T23:23:04.382+03:00 DEBUG 725013 --- [premisave-messenger-service] [http-nio-8081-exec-2] c.p.messenger.security.JwtService        : Using signing key of length: 32 bytes
2026-08-22T23:23:04.481+03:00  INFO 725013 --- [premisave-messenger-service] [http-nio-8081-exec-2] c.p.messenger.controller.ChatController  : Private chat created/retrieved between admin@premisave.com and 69fb94e91b08bb5028283c2b
2026-08-22T23:25:00.346+03:00  INFO 725013 --- [premisave-messenger-service] [RMI TCP Connection(56)-127.0.0.1] inMXBeanRegistrar$SpringApplicationAdmin : Application shutdown requested.
2026-08-22T23:25:00.351+03:00  INFO 725013 --- [premisave-messenger-service] [RMI TCP Connection(56)-127.0.0.1] o.s.boot.tomcat.GracefulShutdown         : Commencing graceful shutdown. Waiting for active requests to complete
2026-08-22T23:25:00.354+03:00  INFO 725013 --- [premisave-messenger-service] [tomcat-shutdown] o.s.boot.tomcat.GracefulShutdown         : Graceful shutdown complete
2026-08-22T23:25:00.356+03:00  INFO 725013 --- [premisave-messenger-service] [RMI TCP Connection(56)-127.0.0.1] o.s.m.s.b.SimpleBrokerMessageHandler     : Stopping...
2026-08-22T23:25:00.356+03:00  INFO 725013 --- [premisave-messenger-service] [RMI TCP Connection(56)-127.0.0.1] o.s.m.s.b.SimpleBrokerMessageHandler     : BrokerAvailabilityEvent[available=false, SimpleBrokerMessageHandler [org.springframework.messaging.simp.broker.DefaultSubscriptionRegistry@10cf3e4f]]
2026-08-22T23:25:00.356+03:00  INFO 725013 --- [premisave-messenger-service] [RMI TCP Connection(56)-127.0.0.1] o.s.m.s.b.SimpleBrokerMessageHandler     : Stopped.
2026-08-22T23:39:07.860+03:00  INFO 814010 --- [premisave-messenger-service] [main] p.m.PremisaveMessengerServiceApplication : Starting PremisaveMessengerServiceApplication v1.0.0 using Java 21.0.11 with PID 814010 (/home/graham218/MyProjects/premisave/premisave-messenger-service/target/classes started by graham218 in /home/graham218/MyProjects/premisave/premisave-messenger-service)
2026-08-22T23:39:07.862+03:00 DEBUG 814010 --- [premisave-messenger-service] [main] p.m.PremisaveMessengerServiceApplication : Running with Spring Boot v4.0.1, Spring v7.0.2
2026-08-22T23:39:07.862+03:00  INFO 814010 --- [premisave-messenger-service] [main] p.m.PremisaveMessengerServiceApplication : No active profile set, falling back to 1 default profile: "default"
2026-08-22T23:39:08.732+03:00  INFO 814010 --- [premisave-messenger-service] [main] .s.d.r.c.RepositoryConfigurationDelegate : Multiple Spring Data modules found, entering strict repository configuration mode
2026-08-22T23:39:08.733+03:00  INFO 814010 --- [premisave-messenger-service] [main] .s.d.r.c.RepositoryConfigurationDelegate : Bootstrapping Spring Data MongoDB repositories in DEFAULT mode.
2026-08-22T23:39:08.840+03:00  INFO 814010 --- [premisave-messenger-service] [main] .s.d.r.c.RepositoryConfigurationDelegate : Finished Spring Data repository scanning in 101 ms. Found 6 MongoDB repository interfaces.
2026-08-22T23:39:08.870+03:00  INFO 814010 --- [premisave-messenger-service] [main] .s.d.r.c.RepositoryConfigurationDelegate : Multiple Spring Data modules found, entering strict repository configuration mode
2026-08-22T23:39:08.871+03:00  INFO 814010 --- [premisave-messenger-service] [main] .s.d.r.c.RepositoryConfigurationDelegate : Bootstrapping Spring Data Redis repositories in DEFAULT mode.
2026-08-22T23:39:08.883+03:00  INFO 814010 --- [premisave-messenger-service] [main] .RepositoryConfigurationExtensionSupport : Spring Data Redis - Could not safely identify store assignment for repository candidate interface com.premisave.messenger.repository.ChatRepository; If you want this repository to be a Redis repository, consider annotating your entities with one of these annotations: org.springframework.data.redis.core.RedisHash (preferred), or consider extending one of the following types with your repository: org.springframework.data.keyvalue.repository.KeyValueRepository
2026-08-22T23:39:08.884+03:00  INFO 814010 --- [premisave-messenger-service] [main] .RepositoryConfigurationExtensionSupport : Spring Data Redis - Could not safely identify store assignment for repository candidate interface com.premisave.messenger.repository.GroupMemberRepository; If you want this repository to be a Redis repository, consider annotating your entities with one of these annotations: org.springframework.data.redis.core.RedisHash (preferred), or consider extending one of the following types with your repository: org.springframework.data.keyvalue.repository.KeyValueRepository
2026-08-22T23:39:08.884+03:00  INFO 814010 --- [premisave-messenger-service] [main] .RepositoryConfigurationExtensionSupport : Spring Data Redis - Could not safely identify store assignment for repository candidate interface com.premisave.messenger.repository.GroupRepository; If you want this repository to be a Redis repository, consider annotating your entities with one of these annotations: org.springframework.data.redis.core.RedisHash (preferred), or consider extending one of the following types with your repository: org.springframework.data.keyvalue.repository.KeyValueRepository
2026-08-22T23:39:08.884+03:00  INFO 814010 --- [premisave-messenger-service] [main] .RepositoryConfigurationExtensionSupport : Spring Data Redis - Could not safely identify store assignment for repository candidate interface com.premisave.messenger.repository.MessageReactionRepository; If you want this repository to be a Redis repository, consider annotating your entities with one of these annotations: org.springframework.data.redis.core.RedisHash (preferred), or consider extending one of the following types with your repository: org.springframework.data.keyvalue.repository.KeyValueRepository
2026-08-22T23:39:08.886+03:00  INFO 814010 --- [premisave-messenger-service] [main] .RepositoryConfigurationExtensionSupport : Spring Data Redis - Could not safely identify store assignment for repository candidate interface com.premisave.messenger.repository.MessageRepository; If you want this repository to be a Redis repository, consider annotating your entities with one of these annotations: org.springframework.data.redis.core.RedisHash (preferred), or consider extending one of the following types with your repository: org.springframework.data.keyvalue.repository.KeyValueRepository
2026-08-22T23:39:08.887+03:00  INFO 814010 --- [premisave-messenger-service] [main] .RepositoryConfigurationExtensionSupport : Spring Data Redis - Could not safely identify store assignment for repository candidate interface com.premisave.messenger.repository.UserPresenceRepository; If you want this repository to be a Redis repository, consider annotating your entities with one of these annotations: org.springframework.data.redis.core.RedisHash (preferred), or consider extending one of the following types with your repository: org.springframework.data.keyvalue.repository.KeyValueRepository
2026-08-22T23:39:08.887+03:00  INFO 814010 --- [premisave-messenger-service] [main] .s.d.r.c.RepositoryConfigurationDelegate : Finished Spring Data repository scanning in 8 ms. Found 0 Redis repository interfaces.
2026-08-22T23:39:09.204+03:00  INFO 814010 --- [premisave-messenger-service] [main] o.s.cloud.context.scope.GenericScope     : BeanFactory id=21b73db7-9625-3203-9a0f-6706c9f62f4f
2026-08-22T23:39:09.513+03:00  INFO 814010 --- [premisave-messenger-service] [main] o.s.boot.tomcat.TomcatWebServer          : Tomcat initialized with port 8081 (http)
2026-08-22T23:39:09.526+03:00  INFO 814010 --- [premisave-messenger-service] [main] o.apache.catalina.core.StandardService   : Starting service [Tomcat]
2026-08-22T23:39:09.526+03:00  INFO 814010 --- [premisave-messenger-service] [main] o.apache.catalina.core.StandardEngine    : Starting Servlet engine: [Apache Tomcat/11.0.15]
2026-08-22T23:39:09.564+03:00  INFO 814010 --- [premisave-messenger-service] [main] b.w.c.s.WebApplicationContextInitializer : Root WebApplicationContext: initialization completed in 1665 ms
2026-08-22T23:39:09.752+03:00 DEBUG 814010 --- [premisave-messenger-service] [main] c.p.m.security.JwtAuthenticationFilter   : Filter 'jwtAuthenticationFilter' configured for use
2026-08-22T23:39:09.800+03:00  INFO 814010 --- [premisave-messenger-service] [main] c.p.messenger.config.MessengerMetrics    : MessengerMetrics initialized successfully
2026-08-22T23:39:09.922+03:00  INFO 814010 --- [premisave-messenger-service] [main] org.mongodb.driver.client                : MongoClient with metadata {"driver": {"name": "mongo-java-driver|spring-boot|sync", "version": "5.6.2"}, "os": {"type": "Linux", "name": "Linux", "architecture": "amd64", "version": "6.18.12+kali-amd64"}, "platform": "Java/Debian/21.0.11+10-1-Debian"} created with settings MongoClientSettings{readPreference=primary, writeConcern=WriteConcern{w=null, wTimeout=null ms, journal=null}, retryWrites=true, retryReads=true, readConcern=ReadConcern{level=null}, credential=null, transportSettings=null, commandListeners=[io.micrometer.core.instrument.binder.mongodb.MongoMetricsCommandListener@66b90ab3], codecRegistry=ProvidersCodecRegistry{codecProviders=[ValueCodecProvider{}, BsonValueCodecProvider{}, DBRefCodecProvider{}, DBObjectCodecProvider{}, DocumentCodecProvider{}, CollectionCodecProvider{}, IterableCodecProvider{}, MapCodecProvider{}, GeoJsonCodecProvider{}, GridFSFileCodecProvider{}, Jsr310CodecProvider{}, JsonObjectCodecProvider{}, BsonCodecProvider{}, com.mongodb.client.model.mql.ExpressionCodecProvider@16e4db59, com.mongodb.Jep395RecordCodecProvider@33fec21, com.mongodb.KotlinCodecProvider@12a0d249, EnumCodecProvider{}]}, loggerSettings=LoggerSettings{maxDocumentLength=1000}, clusterSettings={hosts=[localhost:27017], srvServiceName=mongodb, mode=SINGLE, requiredClusterType=UNKNOWN, requiredReplicaSetName='null', serverSelector='null', clusterListeners='[]', serverSelectionTimeout='30000 ms', localThreshold='15 ms'}, socketSettings=SocketSettings{connectTimeoutMS=10000, readTimeoutMS=0, receiveBufferSize=0, proxySettings=ProxySettings{host=null, port=null, username=null, password=null}}, heartbeatSocketSettings=SocketSettings{connectTimeoutMS=10000, readTimeoutMS=10000, receiveBufferSize=0, proxySettings=ProxySettings{host=null, port=null, username=null, password=null}}, connectionPoolSettings=ConnectionPoolSettings{maxSize=100, minSize=0, maxWaitTimeMS=120000, maxConnectionLifeTimeMS=0, maxConnectionIdleTimeMS=0, maintenanceInitialDelayMS=0, maintenanceFrequencyMS=60000, connectionPoolListeners=[io.micrometer.core.instrument.binder.mongodb.MongoMetricsConnectionPoolListener@3c62be3c], maxConnecting=2}, serverSettings=ServerSettings{heartbeatFrequencyMS=10000, minHeartbeatFrequencyMS=500, serverMonitoringMode=AUTO, serverListeners='[]', serverMonitorListeners='[]'}, sslSettings=SslSettings{enabled=false, invalidHostNameAllowed=false, context=null}, applicationName='null', compressorList=[], uuidRepresentation=UNSPECIFIED, serverApi=null, autoEncryptionSettings=null, dnsClient=null, inetAddressResolver=null, contextProvider=null, timeoutMS=null}
2026-08-22T23:39:09.932+03:00  INFO 814010 --- [premisave-messenger-service] [cluster-ClusterId{value='6a8a08eda8cf59c7e1ab6205', description='null'}-localhost:27017] org.mongodb.driver.cluster               : Monitor thread successfully connected to server with description ServerDescription{address=localhost:27017, type=STANDALONE, cryptd=false, state=CONNECTED, ok=true, minWireVersion=0, maxWireVersion=25, maxDocumentSize=16777216, logicalSessionTimeoutMinutes=30, roundTripTimeNanos=13088413, minRoundTripTimeNanos=0}
2026-08-22T23:39:11.878+03:00  INFO 814010 --- [premisave-messenger-service] [main] o.s.b.a.e.web.EndpointLinksResolver      : Exposing 4 endpoints beneath base path '/actuator'
2026-08-22T23:39:11.941+03:00  INFO 814010 --- [premisave-messenger-service] [main] o.s.m.s.b.SimpleBrokerMessageHandler     : Starting...
2026-08-22T23:39:11.941+03:00  INFO 814010 --- [premisave-messenger-service] [main] o.s.m.s.b.SimpleBrokerMessageHandler     : BrokerAvailabilityEvent[available=true, SimpleBrokerMessageHandler [org.springframework.messaging.simp.broker.DefaultSubscriptionRegistry@242a3997]]
2026-08-22T23:39:11.942+03:00  INFO 814010 --- [premisave-messenger-service] [main] o.s.m.s.b.SimpleBrokerMessageHandler     : Started.
2026-08-22T23:39:11.957+03:00  INFO 814010 --- [premisave-messenger-service] [main] o.s.boot.tomcat.TomcatWebServer          : Tomcat started on port 8081 (http) with context path '/'
2026-08-22T23:39:11.970+03:00  INFO 814010 --- [premisave-messenger-service] [main] p.m.PremisaveMessengerServiceApplication : Started PremisaveMessengerServiceApplication in 4.501 seconds (process running for 5.144)
2026-08-22T23:39:12.678+03:00  INFO 814010 --- [premisave-messenger-service] [RMI TCP Connection(9)-127.0.0.1] o.a.c.c.C.[Tomcat].[localhost].[/]       : Initializing Spring DispatcherServlet 'dispatcherServlet'
2026-08-22T23:40:26.474+03:00  INFO 814010 --- [premisave-messenger-service] [RMI TCP Connection(12)-127.0.0.1] inMXBeanRegistrar$SpringApplicationAdmin : Application shutdown requested.
2026-08-22T23:40:26.478+03:00  INFO 814010 --- [premisave-messenger-service] [RMI TCP Connection(12)-127.0.0.1] o.s.boot.tomcat.GracefulShutdown         : Commencing graceful shutdown. Waiting for active requests to complete
2026-08-22T23:40:26.480+03:00  INFO 814010 --- [premisave-messenger-service] [tomcat-shutdown] o.s.boot.tomcat.GracefulShutdown         : Graceful shutdown complete
2026-08-22T23:40:26.482+03:00  INFO 814010 --- [premisave-messenger-service] [RMI TCP Connection(12)-127.0.0.1] o.s.m.s.b.SimpleBrokerMessageHandler     : Stopping...
2026-08-22T23:40:26.482+03:00  INFO 814010 --- [premisave-messenger-service] [RMI TCP Connection(12)-127.0.0.1] o.s.m.s.b.SimpleBrokerMessageHandler     : BrokerAvailabilityEvent[available=false, SimpleBrokerMessageHandler [org.springframework.messaging.simp.broker.DefaultSubscriptionRegistry@242a3997]]
2026-08-22T23:40:26.482+03:00  INFO 814010 --- [premisave-messenger-service] [RMI TCP Connection(12)-127.0.0.1] o.s.m.s.b.SimpleBrokerMessageHandler     : Stopped.
